Geographic Area Name,Estimate!!Households!!Total,Estimate!!Households!!Mean income (dollars)
ZCTA5 32003,11093,119164
ZCTA5 32008,2123,47901
ZCTA5 32009,1384,78698
ZCTA5 32011,5318,73333
ZCTA5 32024,7016,75984
ZCTA5 32025,7959,61113
ZCTA5 32026,0,-
ZCTA5 32033,1924,82780
ZCTA5 32034,16291,116439
ZCTA5 32038,3973,54844
ZCTA5 32040,2920,70047
ZCTA5 32043,10382,75798
ZCTA5 32044,822,43496
ZCTA5 32046,3550,70525
ZCTA5 32052,2147,47534
ZCTA5 32053,1463,50794
ZCTA5 32054,3497,75378
ZCTA5 32055,5914,64447
ZCTA5 32058,1292,56762
ZCTA5 32059,1028,48361
ZCTA5 32060,8456,66865
ZCTA5 32061,116,83103
ZCTA5 32062,582,54678
ZCTA5 32063,4417,79027
ZCTA5 32064,2450,52423
ZCTA5 32065,12482,91896
ZCTA5 32066,1963,58195
ZCTA5 32068,19078,83168
ZCTA5 32071,1167,61752
ZCTA5 32072,59,100890
ZCTA5 32073,15094,77194
ZCTA5 32079,196,62023
ZCTA5 32080,9976,106136
ZCTA5 32081,5476,148539
ZCTA5 32082,11719,178335
ZCTA5 32083,574,62460
ZCTA5 32084,13011,73214
ZCTA5 32086,11575,77175
ZCTA5 32087,1386,71829
ZCTA5 32091,5900,57380
ZCTA5 32092,13656,108754
ZCTA5 32094,693,96763
ZCTA5 32095,4483,119118
ZCTA5 32096,1189,52581
ZCTA5 32097,6890,76087
ZCTA5 32102,980,67222
ZCTA5 32110,3123,51925
ZCTA5 32112,2809,43944
ZCTA5 32113,2036,54052
ZCTA5 32114,13290,44966
ZCTA5 32117,11249,53408
ZCTA5 32118,9111,70083
ZCTA5 32119,10033,55559
ZCTA5 32124,1934,79442
ZCTA5 32127,12582,75233
ZCTA5 32128,8695,91346
ZCTA5 32129,10088,60190
ZCTA5 32130,1793,78322
ZCTA5 32131,1832,84828
ZCTA5 32132,3887,51920
ZCTA5 32133,0,-
ZCTA5 32134,3277,51007
ZCTA5 32136,3981,83419
ZCTA5 32137,17568,84240
ZCTA5 32139,367,48552
ZCTA5 32140,599,88027
ZCTA5 32141,8633,65581
ZCTA5 32145,2016,80040
ZCTA5 32147,150,72096
ZCTA5 32148,4343,44963
ZCTA5 32157,148,51180
ZCTA5 32159,15819,61693
ZCTA5 32162,31260,77197
ZCTA5 32164,18365,78979
ZCTA5 32168,12310,79836
ZCTA5 32169,5840,103561
ZCTA5 32174,23090,77325
ZCTA5 32176,7165,92481
ZCTA5 32177,11092,56152
ZCTA5 32179,3571,44530
ZCTA5 32180,1364,68101
ZCTA5 32181,1088,42609
ZCTA5 32187,659,51650
ZCTA5 32189,2674,44717
ZCTA5 32190,443,66545
ZCTA5 32193,514,40895
ZCTA5 32195,1433,58784
ZCTA5 32202,2265,55015
ZCTA5 32204,4123,62087
ZCTA5 32205,13859,75222
ZCTA5 32206,6587,46091
ZCTA5 32207,15566,77891
ZCTA5 32208,12550,49230
ZCTA5 32209,13824,39500
ZCTA5 32210,24886,69323
ZCTA5 32211,13606,55244
ZCTA5 32212,222,49073
ZCTA5 32216,16152,74670
ZCTA5 32217,8595,79905
ZCTA5 32218,22441,72693
ZCTA5 32219,4367,61003
ZCTA5 32220,4554,75472
ZCTA5 32221,10169,82335
ZCTA5 32222,4725,75478
ZCTA5 32223,9979,108501
ZCTA5 32224,14907,109353
ZCTA5 32225,19878,92970
ZCTA5 32226,5730,99517
ZCTA5 32227,481,75084
ZCTA5 32228,0,-
ZCTA5 32233,10003,98404
ZCTA5 32234,2382,78689
ZCTA5 32244,22539,62696
ZCTA5 32246,21387,76508
ZCTA5 32250,12469,129586
ZCTA5 32254,5022,42149
ZCTA5 32256,21791,91477
ZCTA5 32257,16015,88306
ZCTA5 32258,13967,112137
ZCTA5 32259,17407,140100
ZCTA5 32266,3143,121650
ZCTA5 32277,12259,62292
ZCTA5 32301,13163,54972
ZCTA5 32303,20933,71639
ZCTA5 32304,19099,31333
ZCTA5 32305,7802,59543
ZCTA5 32308,10547,94796
ZCTA5 32309,13089,103593
ZCTA5 32310,5797,52704
ZCTA5 32311,8232,97632
ZCTA5 32312,12466,135219
ZCTA5 32317,5402,109860
ZCTA5 32320,1832,56786
ZCTA5 32321,1721,51899
ZCTA5 32322,998,60472
ZCTA5 32323,71,43207
ZCTA5 32324,1918,46186
ZCTA5 32327,10018,83705
ZCTA5 32328,1553,79305
ZCTA5 32330,272,40850
ZCTA5 32331,1757,59909
ZCTA5 32332,505,33265
ZCTA5 32333,5116,59666
ZCTA5 32334,792,53847
ZCTA5 32336,463,46010
ZCTA5 32340,3923,45965
ZCTA5 32343,1147,70902
ZCTA5 32344,4963,65956
ZCTA5 32346,776,66935
ZCTA5 32347,2583,63103
ZCTA5 32348,3761,59920
ZCTA5 32350,693,53894
ZCTA5 32351,5934,50593
ZCTA5 32352,2415,53499
ZCTA5 32355,167,52071
ZCTA5 32356,0,-
ZCTA5 32358,658,68747
ZCTA5 32359,558,38176
ZCTA5 32361,169,76041
ZCTA5 32399,0,-
ZCTA5 32401,9662,54529
ZCTA5 32403,441,76278
ZCTA5 32404,15098,70455
ZCTA5 32405,13232,73363
ZCTA5 32407,4976,81862
ZCTA5 32408,8702,82502
ZCTA5 32409,3791,69214
ZCTA5 32410,507,68615
ZCTA5 32413,6558,98681
ZCTA5 32420,1162,55399
ZCTA5 32421,1592,50514
ZCTA5 32423,471,55250
ZCTA5 32424,2216,60661
ZCTA5 32425,4958,49047
ZCTA5 32426,332,42664
ZCTA5 32427,403,39700
ZCTA5 32428,6066,50717
ZCTA5 32430,364,46775
ZCTA5 32431,1816,60279
ZCTA5 32432,0,-
ZCTA5 32433,6875,60604
ZCTA5 32435,2772,61342
ZCTA5 32437,310,49917
ZCTA5 32438,1613,48598
ZCTA5 32439,4024,77832
ZCTA5 32440,2106,58780
ZCTA5 32442,1513,46165
ZCTA5 32443,1236,50564
ZCTA5 32444,7936,87529
ZCTA5 32445,472,50008
ZCTA5 32446,4063,65076
ZCTA5 32447,0,-
ZCTA5 32448,3473,45312
ZCTA5 32449,218,38467
ZCTA5 32455,1663,52543
ZCTA5 32456,3619,84551
ZCTA5 32459,7730,111023
ZCTA5 32460,1747,55630
ZCTA5 32461,16,N
ZCTA5 32462,1462,39639
ZCTA5 32463,82,49351
ZCTA5 32464,1609,52793
ZCTA5 32465,2516,53391
ZCTA5 32466,1808,71323
ZCTA5 32501,4516,57480
ZCTA5 32502,1555,82453
ZCTA5 32503,12484,80202
ZCTA5 32504,8985,77810
ZCTA5 32505,11025,46990
ZCTA5 32506,14283,64409
ZCTA5 32507,13631,83316
ZCTA5 32508,543,65596
ZCTA5 32509,0,-
ZCTA5 32511,0,-
ZCTA5 32514,17294,66291
ZCTA5 32526,14676,73150
ZCTA5 32530,4,N
ZCTA5 32531,2404,72924
ZCTA5 32533,10553,88116
ZCTA5 32534,6321,64130
ZCTA5 32535,1700,56664
ZCTA5 32536,8134,84639
ZCTA5 32539,10096,67692
ZCTA5 32541,8317,120431
ZCTA5 32542,842,62513
ZCTA5 32544,379,56049
ZCTA5 32547,14232,66146
ZCTA5 32548,9826,76273
ZCTA5 32550,3915,106297
ZCTA5 32561,4543,147097
ZCTA5 32563,10520,98233
ZCTA5 32564,1100,83030
ZCTA5 32565,2010,73520
ZCTA5 32566,14623,90586
ZCTA5 32567,1398,66184
ZCTA5 32568,1101,77857
ZCTA5 32569,5001,81050
ZCTA5 32570,12776,69832
ZCTA5 32571,12965,82073
ZCTA5 32577,1942,69992
ZCTA5 32578,12684,108381
ZCTA5 32579,4382,106869
ZCTA5 32580,1808,91025
ZCTA5 32583,9608,78730
ZCTA5 32601,8200,42307
ZCTA5 32603,1753,52170
ZCTA5 32605,10815,95914
ZCTA5 32606,10012,84946
ZCTA5 32607,12236,66238
ZCTA5 32608,19909,78832
ZCTA5 32609,7160,47911
ZCTA5 32612,26,13196
ZCTA5 32615,5430,84018
ZCTA5 32616,352,44990
ZCTA5 32617,1662,63013
ZCTA5 32618,3383,89507
ZCTA5 32619,2032,56342
ZCTA5 32621,2061,44324
ZCTA5 32622,462,53614
ZCTA5 32625,625,67614
ZCTA5 32626,3686,45617
ZCTA5 32628,1524,53143
ZCTA5 32631,169,76985
ZCTA5 32639,129,34503
ZCTA5 32640,4141,52316
ZCTA5 32641,5130,47933
ZCTA5 32643,4094,69385
ZCTA5 32648,114,66096
ZCTA5 32653,6106,81408
ZCTA5 32656,5423,67330
ZCTA5 32658,92,60515
ZCTA5 32664,166,56394
ZCTA5 32666,2737,68765
ZCTA5 32667,1728,74841
ZCTA5 32668,2017,63680
ZCTA5 32669,4854,100139
ZCTA5 32680,4361,55315
ZCTA5 32681,15,N
ZCTA5 32683,103,40540
ZCTA5 32686,2301,69809
ZCTA5 32692,42,N
ZCTA5 32693,4305,56347
ZCTA5 32694,1082,50995
ZCTA5 32696,5139,66211
ZCTA5 32697,87,56156
ZCTA5 32701,10808,71326
ZCTA5 32702,1099,60166
ZCTA5 32703,19623,71996
ZCTA5 32707,15680,66902
ZCTA5 32708,18514,96815
ZCTA5 32709,661,105671
ZCTA5 32712,15684,97066
ZCTA5 32713,8366,85353
ZCTA5 32714,15224,71809
ZCTA5 32720,12430,72676
ZCTA5 32724,14929,71730
ZCTA5 32725,16823,65296
ZCTA5 32726,9101,61803
ZCTA5 32730,2809,61813
ZCTA5 32732,1868,100379
ZCTA5 32735,1779,60402
ZCTA5 32736,3690,97200
ZCTA5 32738,14966,69327
ZCTA5 32744,1241,77862
ZCTA5 32746,19018,117703
ZCTA5 32750,9469,92654
ZCTA5 32751,8731,108187
ZCTA5 32754,4402,68162
ZCTA5 32757,11765,82627
ZCTA5 32759,1226,62625
ZCTA5 32763,9473,66407
ZCTA5 32764,1150,87852
ZCTA5 32765,21663,101251
ZCTA5 32766,4925,132687
ZCTA5 32767,1064,77042
ZCTA5 32771,20486,87199
ZCTA5 32773,11327,66783
ZCTA5 32776,4183,95013
ZCTA5 32778,9974,70273
ZCTA5 32779,11209,134614
ZCTA5 32780,15211,67934
ZCTA5 32784,3962,75394
ZCTA5 32789,11187,157455
ZCTA5 32792,21236,74607
ZCTA5 32796,8208,67253
ZCTA5 32798,1329,59753
ZCTA5 32801,7967,102943
ZCTA5 32803,9764,109092
ZCTA5 32804,8201,126239
ZCTA5 32805,7385,48607
ZCTA5 32806,10922,103667
ZCTA5 32807,12012,57740
ZCTA5 32808,18603,54089
ZCTA5 32809,9457,70276
ZCTA5 32810,13410,66215
ZCTA5 32811,14402,52865
ZCTA5 32812,13889,81887
ZCTA5 32814,3417,143004
ZCTA5 32817,11083,80883
ZCTA5 32818,17456,58197
ZCTA5 32819,9814,106777
ZCTA5 32820,2992,111967
ZCTA5 32821,8111,65040
ZCTA5 32822,22655,51894
ZCTA5 32824,13767,81227
ZCTA5 32825,19123,78656
ZCTA5 32826,8672,74248
ZCTA5 32827,3561,116706
ZCTA5 32828,23465,92517
ZCTA5 32829,6428,88235
ZCTA5 32830,0,-
ZCTA5 32831,28,37082
ZCTA5 32832,10108,116323
ZCTA5 32833,3154,89428
ZCTA5 32835,17323,84268
ZCTA5 32836,7117,173903
ZCTA5 32837,16191,78268
ZCTA5 32839,17392,53207
ZCTA5 32901,10658,57117
ZCTA5 32903,6165,113906
ZCTA5 32904,12791,84645
ZCTA5 32905,9379,52962
ZCTA5 32907,15617,65779
ZCTA5 32908,3785,64823
ZCTA5 32909,10655,75164
ZCTA5 32920,5939,72760
ZCTA5 32922,6982,54030
ZCTA5 32925,487,74307
ZCTA5 32926,8923,74780
ZCTA5 32927,10005,84145
ZCTA5 32931,7451,96500
ZCTA5 32934,7159,102615
ZCTA5 32935,16797,66098
ZCTA5 32937,10881,104501
ZCTA5 32940,17828,104517
ZCTA5 32948,1559,55266
ZCTA5 32949,954,110833
ZCTA5 32950,1788,90039
ZCTA5 32951,5928,107389
ZCTA5 32952,8273,110519
ZCTA5 32953,9507,88555
ZCTA5 32955,15284,89241
ZCTA5 32958,12414,69796
ZCTA5 32960,9148,67742
ZCTA5 32962,8723,67777
ZCTA5 32963,7574,214993
ZCTA5 32966,8559,71516
ZCTA5 32967,8009,78169
ZCTA5 32968,4904,91296
ZCTA5 32970,69,23003
ZCTA5 32976,5165,54948
ZCTA5 33001,167,45903
ZCTA5 33004,6716,75961
ZCTA5 33009,18988,61009
ZCTA5 33010,15885,45727
ZCTA5 33012,25596,49101
ZCTA5 33013,9293,55108
ZCTA5 33014,14076,67610
ZCTA5 33015,22066,69838
ZCTA5 33016,15816,73735
ZCTA5 33018,15539,82315
ZCTA5 33019,6444,121607
ZCTA5 33020,18655,60748
ZCTA5 33021,18677,84948
ZCTA5 33023,20634,68306
ZCTA5 33024,23519,83002
ZCTA5 33025,26049,67871
ZCTA5 33026,11956,94799
ZCTA5 33027,24319,81685
ZCTA5 33028,8407,118987
ZCTA5 33029,12870,135728
ZCTA5 33030,9091,53980
ZCTA5 33031,2490,137469
ZCTA5 33032,14559,67469
ZCTA5 33033,15906,66126
ZCTA5 33034,5056,47845
ZCTA5 33035,4533,76059
ZCTA5 33036,1592,118508
ZCTA5 33037,4758,111594
ZCTA5 33039,138,60724
ZCTA5 33040,14487,103409
ZCTA5 33042,2971,128755
ZCTA5 33043,2063,88409
ZCTA5 33050,4183,91631
ZCTA5 33051,321,142599
ZCTA5 33054,9518,43967
ZCTA5 33055,10985,57578
ZCTA5 33056,10161,61239
ZCTA5 33060,13531,64751
ZCTA5 33062,12839,100429
ZCTA5 33063,24451,64083
ZCTA5 33064,21303,77145
ZCTA5 33065,18697,77036
ZCTA5 33066,8697,113653
ZCTA5 33067,8269,148001
ZCTA5 33068,17013,61153
ZCTA5 33069,10500,65582
ZCTA5 33070,2238,108019
ZCTA5 33071,12985,111238
ZCTA5 33073,11776,92690
ZCTA5 33076,12372,173046
ZCTA5 33101,0,-
ZCTA5 33109,213,329835
ZCTA5 33122,166,90031
ZCTA5 33125,21716,53094
ZCTA5 33126,18035,52737
ZCTA5 33127,9800,43245
ZCTA5 33128,3461,34231
ZCTA5 33129,6680,117739
ZCTA5 33130,15856,71092
ZCTA5 33131,11265,157682
ZCTA5 33132,7631,114636
ZCTA5 33133,14081,146442
ZCTA5 33134,16297,110623
ZCTA5 33135,14278,45784
ZCTA5 33136,6497,40983
ZCTA5 33137,9900,92759
ZCTA5 33138,12053,87966
ZCTA5 33139,20559,108377
ZCTA5 33140,9002,165133
ZCTA5 33141,17387,83384
ZCTA5 33142,20142,39422
ZCTA5 33143,12855,131894
ZCTA5 33144,9720,67733
ZCTA5 33145,11710,77589
ZCTA5 33146,4841,194454
ZCTA5 33147,13966,53490
ZCTA5 33149,4079,242022
ZCTA5 33150,10221,46731
ZCTA5 33154,5800,131299
ZCTA5 33155,14375,95716
ZCTA5 33156,11004,221675
ZCTA5 33157,19184,98313
ZCTA5 33158,1983,225581
ZCTA5 33160,19405,92945
ZCTA5 33161,16822,57394
ZCTA5 33162,13541,64985
ZCTA5 33165,16649,84439
ZCTA5 33166,8592,80784
ZCTA5 33167,6140,58389
ZCTA5 33168,6353,61254
ZCTA5 33169,11984,59366
ZCTA5 33170,3680,67320
ZCTA5 33172,13754,62986
ZCTA5 33173,11056,98009
ZCTA5 33174,10902,65234
ZCTA5 33175,16670,81014
ZCTA5 33176,18160,108922
ZCTA5 33177,15423,75938
ZCTA5 33178,15834,94374
ZCTA5 33179,16919,67383
ZCTA5 33180,14121,122742
ZCTA5 33181,7768,77054
ZCTA5 33182,3985,103895
ZCTA5 33183,12243,77447
ZCTA5 33184,6126,72334
ZCTA5 33185,8627,102148
ZCTA5 33186,21711,85188
ZCTA5 33187,5224,99537
ZCTA5 33189,7813,72759
ZCTA5 33190,5053,75885
ZCTA5 33193,15108,76770
ZCTA5 33194,1712,120107
ZCTA5 33196,15370,94590
ZCTA5 33301,8380,158132
ZCTA5 33304,8980,99896
ZCTA5 33305,6815,115160
ZCTA5 33306,1729,159083
ZCTA5 33308,14957,122494
ZCTA5 33309,13517,71576
ZCTA5 33311,24216,49086
ZCTA5 33312,18201,82923
ZCTA5 33313,20084,54298
ZCTA5 33314,9195,69290
ZCTA5 33315,5778,91591
ZCTA5 33316,5042,162905
ZCTA5 33317,12453,89513
ZCTA5 33319,19166,65618
ZCTA5 33321,19943,65577
ZCTA5 33322,17901,72128
ZCTA5 33323,7576,115781
ZCTA5 33324,19331,93934
ZCTA5 33325,9933,107055
ZCTA5 33326,10632,118441
ZCTA5 33327,6681,174748
ZCTA5 33328,10179,125048
ZCTA5 33330,4569,168627
ZCTA5 33331,7357,170376
ZCTA5 33332,3395,200477
ZCTA5 33334,12353,82266
ZCTA5 33351,11911,73152
ZCTA5 33401,12537,81291
ZCTA5 33403,4345,65080
ZCTA5 33404,10437,72943
ZCTA5 33405,7645,81497
ZCTA5 33406,8173,85487
ZCTA5 33407,11084,61541
ZCTA5 33408,9380,126529
ZCTA5 33409,10781,68312
ZCTA5 33410,14701,133970
ZCTA5 33411,25446,92738
ZCTA5 33412,5227,130833
ZCTA5 33413,4993,89298
ZCTA5 33414,19720,114660
ZCTA5 33415,17195,58761
ZCTA5 33417,15284,54533
ZCTA5 33418,17185,155660
ZCTA5 33426,9760,71335
ZCTA5 33428,15030,101949
ZCTA5 33430,7219,45043
ZCTA5 33431,8253,125578
ZCTA5 33432,10751,153895
ZCTA5 33433,18917,91213
ZCTA5 33434,10008,105512
ZCTA5 33435,13961,80093
ZCTA5 33436,18492,88716
ZCTA5 33437,18026,85153
ZCTA5 33438,87,85405
ZCTA5 33440,6967,57834
ZCTA5 33441,11166,66178
ZCTA5 33442,13835,63327
ZCTA5 33444,8807,84192
ZCTA5 33445,13922,85544
ZCTA5 33446,13280,121649
ZCTA5 33449,3765,157394
ZCTA5 33455,9574,113292
ZCTA5 33458,21850,132592
ZCTA5 33460,10887,62458
ZCTA5 33461,14629,62597
ZCTA5 33462,12838,83061
ZCTA5 33463,18935,86866
ZCTA5 33467,20539,96935
ZCTA5 33469,6689,122776
ZCTA5 33470,8669,112126
ZCTA5 33471,2428,46097
ZCTA5 33472,7908,110623
ZCTA5 33473,4249,136418
ZCTA5 33476,2366,39372
ZCTA5 33477,7188,148509
ZCTA5 33478,4888,142657
ZCTA5 33480,6065,300960
ZCTA5 33483,6476,187841
ZCTA5 33484,14456,71170
ZCTA5 33486,9253,114972
ZCTA5 33487,9538,127426
ZCTA5 33493,795,63331
ZCTA5 33496,9994,172691
ZCTA5 33498,5555,141666
ZCTA5 33503,58,82016
ZCTA5 33510,10857,77011
ZCTA5 33511,22334,79120
ZCTA5 33513,4094,67145
ZCTA5 33514,808,54163
ZCTA5 33521,240,44897
ZCTA5 33523,6460,70787
ZCTA5 33525,6875,73003
ZCTA5 33527,5037,80356
ZCTA5 33534,5058,68926
ZCTA5 33538,2203,60524
ZCTA5 33540,4175,51013
ZCTA5 33541,9813,55619
ZCTA5 33542,10301,45479
ZCTA5 33543,9822,99790
ZCTA5 33544,9689,109557
ZCTA5 33545,6634,100791
ZCTA5 33547,7704,135075
ZCTA5 33548,2718,140668
ZCTA5 33549,6883,93450
ZCTA5 33556,8310,158971
ZCTA5 33558,9168,121853
ZCTA5 33559,6871,83335
ZCTA5 33563,9967,56756
ZCTA5 33565,6187,73656
ZCTA5 33566,7342,86264
ZCTA5 33567,3868,83147
ZCTA5 33569,10181,88644
ZCTA5 33570,9788,71811
ZCTA5 33572,8239,127039
ZCTA5 33573,13440,65136
ZCTA5 33576,2212,83067
ZCTA5 33578,20742,77903
ZCTA5 33579,12030,98559
ZCTA5 33584,9440,74278
ZCTA5 33585,411,70374
ZCTA5 33592,3963,74191
ZCTA5 33594,13214,88471
ZCTA5 33596,10047,118010
ZCTA5 33597,2987,66135
ZCTA5 33598,6726,82324
ZCTA5 33602,8599,109306
ZCTA5 33603,8753,71405
ZCTA5 33604,15811,58912
ZCTA5 33605,7585,39770
ZCTA5 33606,8894,154284
ZCTA5 33607,10932,63433
ZCTA5 33609,8497,140410
ZCTA5 33610,16771,49101
ZCTA5 33611,16269,103942
ZCTA5 33612,19021,47836
ZCTA5 33613,14911,55435
ZCTA5 33614,18229,55010
ZCTA5 33615,18028,73973
ZCTA5 33616,6265,91402
ZCTA5 33617,19281,59581
ZCTA5 33618,12100,106081
ZCTA5 33619,13347,59233
ZCTA5 33620,11,N
ZCTA5 33621,538,102195
ZCTA5 33624,15043,89008
ZCTA5 33625,11232,81007
ZCTA5 33626,11059,139754
ZCTA5 33629,10441,178207
ZCTA5 33634,7544,83180
ZCTA5 33635,7240,90470
ZCTA5 33637,7071,59256
ZCTA5 33647,25565,120593
ZCTA5 33701,9120,87867
ZCTA5 33702,14139,76814
ZCTA5 33703,11120,119558
ZCTA5 33704,8038,145715
ZCTA5 33705,11210,73087
ZCTA5 33706,8805,114601
ZCTA5 33707,12512,74263
ZCTA5 33708,7929,92298
ZCTA5 33709,10305,56349
ZCTA5 33710,14369,83121
ZCTA5 33711,6410,70047
ZCTA5 33712,9178,66046
ZCTA5 33713,13782,73735
ZCTA5 33714,7926,46402
ZCTA5 33715,3794,134028
ZCTA5 33716,9360,68947
ZCTA5 33744,0,-
ZCTA5 33755,9977,63559
ZCTA5 33756,13230,74826
ZCTA5 33759,7820,76453
ZCTA5 33760,7162,66350
ZCTA5 33761,8736,78079
ZCTA5 33762,2633,96260
ZCTA5 33763,9403,59538
ZCTA5 33764,11852,76715
ZCTA5 33765,6372,68728
ZCTA5 33767,4049,143679
ZCTA5 33770,11561,66174
ZCTA5 33771,13316,55452
ZCTA5 33772,9801,78049
ZCTA5 33773,6831,75018
ZCTA5 33774,7988,77122
ZCTA5 33776,4805,107765
ZCTA5 33777,6956,99788
ZCTA5 33778,6218,73156
ZCTA5 33781,9974,65307
ZCTA5 33782,9273,71525
ZCTA5 33785,2874,115454
ZCTA5 33786,731,160761
ZCTA5 33801,11736,46403
ZCTA5 33803,11867,83585
ZCTA5 33805,9236,55074
ZCTA5 33809,11094,70453
ZCTA5 33810,17958,69946
ZCTA5 33811,8064,85088
ZCTA5 33812,4216,89762
ZCTA5 33813,12939,112678
ZCTA5 33815,5693,45722
ZCTA5 33823,11571,74787
ZCTA5 33825,9629,53389
ZCTA5 33827,955,92026
ZCTA5 33830,9829,66819
ZCTA5 33834,1728,55013
ZCTA5 33837,10313,75255
ZCTA5 33838,1356,44178
ZCTA5 33839,1063,86351
ZCTA5 33841,3207,61250
ZCTA5 33843,3945,53664
ZCTA5 33844,13179,64046
ZCTA5 33847,50,73214
ZCTA5 33848,172,50682
ZCTA5 33849,196,56421
ZCTA5 33850,3440,55087
ZCTA5 33851,342,65842
ZCTA5 33852,8826,84147
ZCTA5 33853,4408,53328
ZCTA5 33854,188,51780
ZCTA5 33855,0,-
ZCTA5 33856,251,29371
ZCTA5 33857,901,49168
ZCTA5 33859,4325,54310
ZCTA5 33860,8217,67058
ZCTA5 33865,274,57069
ZCTA5 33867,95,36609
ZCTA5 33868,3873,69136
ZCTA5 33870,8700,51894
ZCTA5 33872,7062,65741
ZCTA5 33873,4417,65757
ZCTA5 33875,4883,72675
ZCTA5 33876,2282,56883
ZCTA5 33877,87,N
ZCTA5 33880,13688,59305
ZCTA5 33881,12482,61863
ZCTA5 33884,12348,82438
ZCTA5 33890,1636,55669
ZCTA5 33896,4245,70259
ZCTA5 33897,7246,75722
ZCTA5 33898,6479,62707
ZCTA5 33901,9036,72115
ZCTA5 33903,11394,60691
ZCTA5 33904,13958,70620
ZCTA5 33905,12616,67670
ZCTA5 33907,10115,57735
ZCTA5 33908,18163,93172
ZCTA5 33909,10678,65890
ZCTA5 33912,8628,120127
ZCTA5 33913,9244,115281
ZCTA5 33914,16168,89483
ZCTA5 33916,9000,55854
ZCTA5 33917,13204,61795
ZCTA5 33919,14049,79442
ZCTA5 33920,2288,96870
ZCTA5 33921,416,102991
ZCTA5 33922,1674,76232
ZCTA5 33924,31,49152
ZCTA5 33928,11815,110250
ZCTA5 33930,288,70400
ZCTA5 33931,5537,102705
ZCTA5 33935,7109,57877
ZCTA5 33936,8319,53951
ZCTA5 33944,138,N
ZCTA5 33945,6,N
ZCTA5 33946,1256,130824
ZCTA5 33947,4401,73148
ZCTA5 33948,7315,63949
ZCTA5 33950,11367,88253
ZCTA5 33952,14495,59248
ZCTA5 33953,2809,84640
ZCTA5 33954,3777,83033
ZCTA5 33955,4562,90651
ZCTA5 33956,1737,97188
ZCTA5 33957,3919,167697
ZCTA5 33960,278,43781
ZCTA5 33965,0,-
ZCTA5 33966,4263,108472
ZCTA5 33967,8494,89911
ZCTA5 33971,7446,67366
ZCTA5 33972,4423,69137
ZCTA5 33973,4025,51461
ZCTA5 33974,4909,61541
ZCTA5 33976,4541,61557
ZCTA5 33980,6101,65373
ZCTA5 33981,5027,65483
ZCTA5 33982,4187,67113
ZCTA5 33983,6232,79599
ZCTA5 33990,12337,75102
ZCTA5 33991,8620,80135
ZCTA5 33993,9249,90599
ZCTA5 34101,0,-
ZCTA5 34102,5743,194000
ZCTA5 34103,5828,209458
ZCTA5 34104,10404,73659
ZCTA5 34105,7233,156598
ZCTA5 34108,8196,175941
ZCTA5 34109,11515,120354
ZCTA5 34110,11904,129106
ZCTA5 34112,12986,81317
ZCTA5 34113,8811,90294
ZCTA5 34114,7829,91234
ZCTA5 34116,9666,70161
ZCTA5 34117,5396,86566
ZCTA5 34119,13192,130076
ZCTA5 34120,11617,99886
ZCTA5 34134,7772,184431
ZCTA5 34135,20275,92304
ZCTA5 34137,93,36967
ZCTA5 34138,367,83301
ZCTA5 34139,122,78034
ZCTA5 34140,70,N
ZCTA5 34141,12,N
ZCTA5 34142,7532,55095
ZCTA5 34145,9056,140015
ZCTA5 34201,1666,149449
ZCTA5 34202,8812,147164
ZCTA5 34203,15615,82920
ZCTA5 34205,12775,60244
ZCTA5 34207,14983,50838
ZCTA5 34208,13429,67921
ZCTA5 34209,14763,96404
ZCTA5 34210,7293,78055
ZCTA5 34211,3972,138759
ZCTA5 34212,7735,111624
ZCTA5 34215,299,72132
ZCTA5 34216,607,107119
ZCTA5 34217,2875,120929
ZCTA5 34219,8600,104136
ZCTA5 34221,17455,76593
ZCTA5 34222,5286,68342
ZCTA5 34223,9666,82707
ZCTA5 34224,7631,59174
ZCTA5 34228,3939,184056
ZCTA5 34229,3487,128969
ZCTA5 34231,15116,85540
ZCTA5 34232,14386,88156
ZCTA5 34233,8160,86186
ZCTA5 34234,8646,57462
ZCTA5 34235,6502,84609
ZCTA5 34236,7652,138770
ZCTA5 34237,7283,67062
ZCTA5 34238,10385,113181
ZCTA5 34239,6978,94963
ZCTA5 34240,4393,139913
ZCTA5 34241,5870,103543
ZCTA5 34242,3939,181125
ZCTA5 34243,12873,81244
ZCTA5 34251,2151,92913
ZCTA5 34266,10112,45752
ZCTA5 34268,114,24056
ZCTA5 34269,2195,55915
ZCTA5 34275,9529,132799
ZCTA5 34285,9832,89199
ZCTA5 34286,6801,82792
ZCTA5 34287,11295,70627
ZCTA5 34288,4560,108257
ZCTA5 34289,1238,104028
ZCTA5 34291,2332,72264
ZCTA5 34292,7747,90673
ZCTA5 34293,20250,94445
ZCTA5 34420,7122,56627
ZCTA5 34428,4057,56361
ZCTA5 34429,3928,78340
ZCTA5 34431,3713,49386
ZCTA5 34432,5672,56695
ZCTA5 34433,2913,67637
ZCTA5 34434,3121,55815
ZCTA5 34436,3821,66321
ZCTA5 34442,7327,68733
ZCTA5 34445,0,-
ZCTA5 34446,7861,62753
ZCTA5 34448,4625,55546
ZCTA5 34449,1532,43517
ZCTA5 34450,5218,58913
ZCTA5 34452,5197,56740
ZCTA5 34453,4282,47598
ZCTA5 34461,4542,65364
ZCTA5 34465,7555,60967
ZCTA5 34470,7989,54713
ZCTA5 34471,10279,82015
ZCTA5 34472,11106,69936
ZCTA5 34473,7158,70613
ZCTA5 34474,7270,74562
ZCTA5 34475,4770,46020
ZCTA5 34476,10605,66499
ZCTA5 34479,5280,53176
ZCTA5 34480,7864,90892
ZCTA5 34481,11414,56976
ZCTA5 34482,7091,73284
ZCTA5 34484,1614,59176
ZCTA5 34488,4680,49243
ZCTA5 34491,12738,60620
ZCTA5 34498,249,48148
ZCTA5 34601,10043,54293
ZCTA5 34602,2904,77536
ZCTA5 34604,4311,87495
ZCTA5 34606,11854,54773
ZCTA5 34607,3841,67338
ZCTA5 34608,14076,58826
ZCTA5 34609,16170,71711
ZCTA5 34610,5216,72114
ZCTA5 34613,8451,60821
ZCTA5 34614,2642,78594
ZCTA5 34637,2521,104136
ZCTA5 34638,9524,112340
ZCTA5 34639,10195,99266
ZCTA5 34652,10982,62973
ZCTA5 34653,15210,52937
ZCTA5 34654,8980,70194
ZCTA5 34655,17882,90561
ZCTA5 34661,110,31585
ZCTA5 34667,15736,56397
ZCTA5 34668,20119,47830
ZCTA5 34669,5439,55447
ZCTA5 34677,8566,100486
ZCTA5 34679,22,N
ZCTA5 34681,298,117870
ZCTA5 34683,13380,92555
ZCTA5 34684,13173,76217
ZCTA5 34685,7282,113377
ZCTA5 34688,3197,142242
ZCTA5 34689,11823,88685
ZCTA5 34690,5168,50828
ZCTA5 34691,8946,51692
ZCTA5 34695,7229,115885
ZCTA5 34698,18732,68903
ZCTA5 34705,1000,63511
ZCTA5 34711,21279,88205
ZCTA5 34714,7638,67067
ZCTA5 34715,6747,83387
ZCTA5 34731,6983,71172
ZCTA5 34734,1304,118105
ZCTA5 34736,7531,79212
ZCTA5 34737,1200,95110
ZCTA5 34739,263,73519
ZCTA5 34741,16278,51218
ZCTA5 34743,12257,63235
ZCTA5 34744,17975,67057
ZCTA5 34746,14223,77970
ZCTA5 34747,9160,97198
ZCTA5 34748,17561,56655
ZCTA5 34753,1675,56785
ZCTA5 34756,1167,97905
ZCTA5 34758,11315,65626
ZCTA5 34759,12142,66020
ZCTA5 34760,255,161575
ZCTA5 34761,14030,87443
ZCTA5 34762,187,75019
ZCTA5 34769,8603,61741
ZCTA5 34771,6618,100259
ZCTA5 34772,9105,81026
ZCTA5 34773,1161,68136
ZCTA5 34785,15192,83674
ZCTA5 34786,14966,166800
ZCTA5 34787,24677,111696
ZCTA5 34788,8422,61641
ZCTA5 34797,602,92748
ZCTA5 34945,1466,84005
ZCTA5 34946,2565,47781
ZCTA5 34947,4057,45616
ZCTA5 34949,4333,94075
ZCTA5 34950,5977,40115
ZCTA5 34951,7051,59614
ZCTA5 34952,17668,63044
ZCTA5 34953,23064,82039
ZCTA5 34956,2393,56035
ZCTA5 34957,10713,84978
ZCTA5 34972,5994,58220
ZCTA5 34974,10109,65568
ZCTA5 34981,1621,67423
ZCTA5 34982,10262,58090
ZCTA5 34983,14674,77490
ZCTA5 34984,5822,80280
ZCTA5 34986,11932,82964
ZCTA5 34987,4311,85346
ZCTA5 34990,11834,137393
ZCTA5 34994,7445,70895
ZCTA5 34996,5783,128840
ZCTA5 34997,17886,85218
ZCTA5 15001,14093,74914
ZCTA5 15003,5104,65734
ZCTA5 15004,138,66654
ZCTA5 15005,3948,98170
ZCTA5 15006,131,105434
ZCTA5 15007,167,70419
ZCTA5 15009,6509,89137
ZCTA5 15010,11363,76001
ZCTA5 15012,6883,77628
ZCTA5 15014,1450,47439
ZCTA5 15015,490,144772
ZCTA5 15017,7035,96322
ZCTA5 15018,546,54764
ZCTA5 15019,715,64247
ZCTA5 15020,17,N
ZCTA5 15021,3108,77167
ZCTA5 15022,4127,66050
ZCTA5 15024,3534,91732
ZCTA5 15025,6793,96441
ZCTA5 15026,1393,98417
ZCTA5 15027,1169,69677
ZCTA5 15028,68,53479
ZCTA5 15030,551,60354
ZCTA5 15031,231,63808
ZCTA5 15033,2207,44552
ZCTA5 15034,928,53511
ZCTA5 15035,980,64250
ZCTA5 15037,4382,84280
ZCTA5 15038,150,83240
ZCTA5 15042,3588,83915
ZCTA5 15043,897,84916
ZCTA5 15044,10609,159589
ZCTA5 15045,1853,55292
ZCTA5 15046,1105,79497
ZCTA5 15047,36,N
ZCTA5 15049,524,56628
ZCTA5 15050,1006,83269
ZCTA5 15051,229,74020
ZCTA5 15052,1254,66664
ZCTA5 15053,50,37982
ZCTA5 15054,132,51652
ZCTA5 15055,562,66214
ZCTA5 15056,566,61425
ZCTA5 15057,6153,105105
ZCTA5 15059,1724,63666
ZCTA5 15060,347,67403
ZCTA5 15061,5256,67504
ZCTA5 15062,3430,60426
ZCTA5 15063,4960,74092
ZCTA5 15064,120,92248
ZCTA5 15065,5088,72187
ZCTA5 15066,5631,63068
ZCTA5 15067,1117,58112
ZCTA5 15068,16994,67452
ZCTA5 15071,4967,103177
ZCTA5 15072,8,N
ZCTA5 15074,3771,58307
ZCTA5 15075,20,N
ZCTA5 15076,321,63797
ZCTA5 15077,85,80702
ZCTA5 15078,141,70850
ZCTA5 15081,151,72207
ZCTA5 15082,82,51545
ZCTA5 15083,396,76566
ZCTA5 15084,4702,62502
ZCTA5 15085,3284,74545
ZCTA5 15086,188,161712
ZCTA5 15087,38,70268
ZCTA5 15088,174,48916
ZCTA5 15089,2996,65338
ZCTA5 15090,9269,161069
ZCTA5 15101,10485,110800
ZCTA5 15102,13019,100710
ZCTA5 15104,4046,49594
ZCTA5 15106,9768,77221
ZCTA5 15108,17387,98986
ZCTA5 15110,2246,45096
ZCTA5 15112,1494,48420
ZCTA5 15116,6005,94503
ZCTA5 15120,8638,60560
ZCTA5 15122,8314,69027
ZCTA5 15126,3176,90796
ZCTA5 15129,4407,88537
ZCTA5 15131,3890,72600
ZCTA5 15132,9977,43478
ZCTA5 15133,2877,66402
ZCTA5 15135,2110,83372
ZCTA5 15136,9832,74047
ZCTA5 15137,4726,83056
ZCTA5 15139,3244,101574
ZCTA5 15140,1557,42087
ZCTA5 15142,441,280807
ZCTA5 15143,8757,162607
ZCTA5 15144,1877,73670
ZCTA5 15145,3186,44617
ZCTA5 15146,12122,80367
ZCTA5 15147,7980,68980
ZCTA5 15148,1140,45340
ZCTA5 15201,6769,95003
ZCTA5 15202,9899,72144
ZCTA5 15203,5853,76954
ZCTA5 15204,3584,52694
ZCTA5 15205,10050,76313
ZCTA5 15206,14846,79837
ZCTA5 15207,4981,56823
ZCTA5 15208,4354,88420
ZCTA5 15209,5738,75460
ZCTA5 15210,11412,52578
ZCTA5 15211,5776,85276
ZCTA5 15212,13991,64412
ZCTA5 15213,10267,44351
ZCTA5 15214,6071,62323
ZCTA5 15215,5624,129474
ZCTA5 15216,10647,82630
ZCTA5 15217,12000,117088
ZCTA5 15218,6828,78307
ZCTA5 15219,5307,48969
ZCTA5 15220,8342,83207
ZCTA5 15221,15992,62955
ZCTA5 15222,2865,131559
ZCTA5 15223,3289,58658
ZCTA5 15224,5871,72419
ZCTA5 15225,558,53069
ZCTA5 15226,6404,71810
ZCTA5 15227,11965,81358
ZCTA5 15228,7115,143418
ZCTA5 15229,6108,84902
ZCTA5 15232,6496,88550
ZCTA5 15233,1482,65596
ZCTA5 15234,6149,81197
ZCTA5 15235,14976,74016
ZCTA5 15236,12721,85749
ZCTA5 15237,17741,110136
ZCTA5 15238,5314,170167
ZCTA5 15239,8326,93788
ZCTA5 15241,7950,154028
ZCTA5 15243,5483,120118
ZCTA5 15260,0,-
ZCTA5 15290,0,-
ZCTA5 15301,20833,78415
ZCTA5 15310,111,70124
ZCTA5 15311,542,88706
ZCTA5 15312,1602,87433
ZCTA5 15313,137,81238
ZCTA5 15314,1433,61431
ZCTA5 15315,222,49614
ZCTA5 15316,53,46668
ZCTA5 15317,15790,112749
ZCTA5 15320,2331,63634
ZCTA5 15321,575,102595
ZCTA5 15322,732,89068
ZCTA5 15323,1687,85013
ZCTA5 15324,315,44974
ZCTA5 15325,172,41825
ZCTA5 15327,622,77178
ZCTA5 15329,616,79730
ZCTA5 15330,2070,99526
ZCTA5 15331,314,70018
ZCTA5 15332,3781,83220
ZCTA5 15333,738,67235
ZCTA5 15334,54,86507
ZCTA5 15337,174,80169
ZCTA5 15338,674,88169
ZCTA5 15340,519,95689
ZCTA5 15341,333,75422
ZCTA5 15342,2265,81947
ZCTA5 15344,719,74525
ZCTA5 15345,564,65127
ZCTA5 15346,210,75079
ZCTA5 15347,132,100874
ZCTA5 15348,65,45311
ZCTA5 15349,634,72040
ZCTA5 15350,170,58151
ZCTA5 15351,373,44736
ZCTA5 15352,451,60075
ZCTA5 15353,71,74920
ZCTA5 15357,602,71138
ZCTA5 15358,400,64811
ZCTA5 15359,82,73389
ZCTA5 15360,679,95263
ZCTA5 15361,91,78226
ZCTA5 15362,357,69794
ZCTA5 15363,208,74728
ZCTA5 15364,320,106508
ZCTA5 15366,245,50038
ZCTA5 15367,3058,195072
ZCTA5 15368,174,50048
ZCTA5 15370,4959,71005
ZCTA5 15376,607,107266
ZCTA5 15377,250,110308
ZCTA5 15378,21,N
ZCTA5 15379,42,62167
ZCTA5 15380,300,64377
ZCTA5 15401,13513,67117
ZCTA5 15410,522,61945
ZCTA5 15411,271,64990
ZCTA5 15412,209,53584
ZCTA5 15413,149,42931
ZCTA5 15417,3556,58776
ZCTA5 15419,1594,50719
ZCTA5 15420,74,42657
ZCTA5 15421,23,N
ZCTA5 15422,79,54880
ZCTA5 15423,791,75446
ZCTA5 15424,936,52425
ZCTA5 15425,8518,61019
ZCTA5 15427,418,69973
ZCTA5 15428,745,71677
ZCTA5 15429,139,53599
ZCTA5 15430,139,61682
ZCTA5 15431,1812,67652
ZCTA5 15432,210,58004
ZCTA5 15433,298,48198
ZCTA5 15434,132,52295
ZCTA5 15435,170,57380
ZCTA5 15436,1103,56531
ZCTA5 15437,803,69853
ZCTA5 15438,873,75103
ZCTA5 15440,62,67805
ZCTA5 15442,912,62540
ZCTA5 15443,8,N
ZCTA5 15444,198,63002
ZCTA5 15445,1194,77814
ZCTA5 15446,80,57555
ZCTA5 15447,51,N
ZCTA5 15448,93,62425
ZCTA5 15449,94,55311
ZCTA5 15450,92,269729
ZCTA5 15451,470,76606
ZCTA5 15454,48,36752
ZCTA5 15455,138,50646
ZCTA5 15456,1257,47014
ZCTA5 15458,997,62712
ZCTA5 15459,559,65918
ZCTA5 15460,55,53169
ZCTA5 15461,1709,52899
ZCTA5 15462,97,49406
ZCTA5 15463,45,N
ZCTA5 15464,588,79055
ZCTA5 15466,192,61666
ZCTA5 15467,59,54458
ZCTA5 15468,1073,57945
ZCTA5 15469,1085,53449
ZCTA5 15470,296,95299
ZCTA5 15472,90,41818
ZCTA5 15473,1639,66715
ZCTA5 15474,683,69909
ZCTA5 15475,551,55887
ZCTA5 15476,22,N
ZCTA5 15477,382,64862
ZCTA5 15478,2379,78768
ZCTA5 15479,905,178635
ZCTA5 15480,941,52468
ZCTA5 15482,142,56896
ZCTA5 15483,186,65948
ZCTA5 15484,169,78925
ZCTA5 15486,974,62906
ZCTA5 15489,144,50147
ZCTA5 15490,207,59734
ZCTA5 15492,53,35787
ZCTA5 15501,6378,66993
ZCTA5 15502,44,79714
ZCTA5 15510,8,N
ZCTA5 15520,104,62053
ZCTA5 15521,675,67394
ZCTA5 15522,4961,64589
ZCTA5 15530,2047,74068
ZCTA5 15531,1539,56241
ZCTA5 15532,61,59275
ZCTA5 15533,520,58698
ZCTA5 15534,383,71131
ZCTA5 15535,830,61424
ZCTA5 15536,146,65490
ZCTA5 15537,3518,64579
ZCTA5 15538,283,90593
ZCTA5 15539,125,67228
ZCTA5 15540,127,65769
ZCTA5 15541,1358,69458
ZCTA5 15542,451,62075
ZCTA5 15544,48,54640
ZCTA5 15545,1134,59773
ZCTA5 15546,204,47807
ZCTA5 15547,284,80108
ZCTA5 15550,721,63977
ZCTA5 15551,267,61320
ZCTA5 15552,2289,63120
ZCTA5 15554,1142,67103
ZCTA5 15555,30,50543
ZCTA5 15557,1447,62341
ZCTA5 15558,772,59752
ZCTA5 15559,720,71562
ZCTA5 15560,57,56160
ZCTA5 15561,87,56949
ZCTA5 15562,81,103915
ZCTA5 15563,1286,64102
ZCTA5 15564,23,59026
ZCTA5 15601,24492,80868
ZCTA5 15610,1806,70468
ZCTA5 15611,259,44893
ZCTA5 15612,170,36126
ZCTA5 15613,5527,81049
ZCTA5 15615,139,112445
ZCTA5 15616,0,-
ZCTA5 15617,152,73411
ZCTA5 15618,1096,57936
ZCTA5 15620,268,42807
ZCTA5 15621,30,N
ZCTA5 15622,491,92027
ZCTA5 15623,326,56416
ZCTA5 15624,186,58290
ZCTA5 15625,27,N
ZCTA5 15626,2433,87656
ZCTA5 15627,2639,64609
ZCTA5 15628,245,57956
ZCTA5 15629,309,47557
ZCTA5 15631,440,52747
ZCTA5 15632,3595,113366
ZCTA5 15633,241,43542
ZCTA5 15634,193,31954
ZCTA5 15635,79,39099
ZCTA5 15636,1743,130812
ZCTA5 15637,490,66464
ZCTA5 15638,66,50917
ZCTA5 15639,936,76798
ZCTA5 15640,211,83370
ZCTA5 15641,235,54231
ZCTA5 15642,18578,90924
ZCTA5 15644,8678,67752
ZCTA5 15646,104,70179
ZCTA5 15647,159,71220
ZCTA5 15650,11495,75212
ZCTA5 15655,102,74998
ZCTA5 15656,4074,75652
ZCTA5 15658,4125,101557
ZCTA5 15660,216,69883
ZCTA5 15661,297,65549
ZCTA5 15662,280,59847
ZCTA5 15663,226,66179
ZCTA5 15665,479,60318
ZCTA5 15666,7218,61809
ZCTA5 15668,5423,136159
ZCTA5 15670,1324,76090
ZCTA5 15671,253,67938
ZCTA5 15672,1406,87767
ZCTA5 15673,596,74212
ZCTA5 15675,389,59571
ZCTA5 15676,263,76555
ZCTA5 15677,158,56958
ZCTA5 15678,254,74292
ZCTA5 15679,1273,63303
ZCTA5 15680,117,43126
ZCTA5 15681,1977,69288
ZCTA5 15683,3582,65798
ZCTA5 15684,295,58179
ZCTA5 15686,367,67683
ZCTA5 15687,478,63693
ZCTA5 15688,406,80169
ZCTA5 15689,79,72678
ZCTA5 15690,4034,57526
ZCTA5 15691,0,-
ZCTA5 15692,428,51806
ZCTA5 15693,50,N
ZCTA5 15695,146,81642
ZCTA5 15696,114,64796
ZCTA5 15697,1350,71616
ZCTA5 15698,318,56576
ZCTA5 15701,13486,66500
ZCTA5 15710,66,59738
ZCTA5 15711,174,59305
ZCTA5 15712,88,61905
ZCTA5 15713,117,43114
ZCTA5 15714,1925,51405
ZCTA5 15715,198,47390
ZCTA5 15716,322,62941
ZCTA5 15717,4368,70096
ZCTA5 15721,86,55749
ZCTA5 15722,844,66226
ZCTA5 15723,12,N
ZCTA5 15724,864,64715
ZCTA5 15725,603,64905
ZCTA5 15727,70,50279
ZCTA5 15728,1289,69180
ZCTA5 15729,576,64502
ZCTA5 15730,50,41354
ZCTA5 15731,164,49037
ZCTA5 15732,626,64210
ZCTA5 15733,85,26760
ZCTA5 15734,187,36319
ZCTA5 15736,335,60996
ZCTA5 15737,45,38389
ZCTA5 15738,90,44540
ZCTA5 15739,199,62675
ZCTA5 15741,25,70308
ZCTA5 15742,337,79150
ZCTA5 15744,48,61927
ZCTA5 15745,97,53394
ZCTA5 15746,46,38872
ZCTA5 15747,700,57626
ZCTA5 15748,2923,63767
ZCTA5 15750,80,31703
ZCTA5 15752,14,N
ZCTA5 15753,177,51827
ZCTA5 15754,209,65646
ZCTA5 15756,83,42014
ZCTA5 15757,605,51256
ZCTA5 15759,1083,67273
ZCTA5 15760,54,48309
ZCTA5 15761,39,37908
ZCTA5 15762,364,76443
ZCTA5 15764,74,103441
ZCTA5 15765,610,80669
ZCTA5 15767,6005,58218
ZCTA5 15770,88,62083
ZCTA5 15771,370,58829
ZCTA5 15772,599,61473
ZCTA5 15773,222,62553
ZCTA5 15774,1133,80730
ZCTA5 15775,368,51666
ZCTA5 15776,29,53672
ZCTA5 15777,42,41350
ZCTA5 15778,65,86628
ZCTA5 15779,140,62104
ZCTA5 15780,57,59039
ZCTA5 15781,42,58071
ZCTA5 15783,35,66683
ZCTA5 15784,23,151357
ZCTA5 15801,7800,63384
ZCTA5 15821,61,47689
ZCTA5 15823,524,64417
ZCTA5 15824,2101,63770
ZCTA5 15825,3817,73970
ZCTA5 15827,122,64443
ZCTA5 15828,122,47631
ZCTA5 15829,518,90702
ZCTA5 15832,132,42854
ZCTA5 15834,2113,49337
ZCTA5 15840,828,70924
ZCTA5 15841,169,47238
ZCTA5 15845,1439,58764
ZCTA5 15846,1558,85264
ZCTA5 15847,132,42876
ZCTA5 15848,371,58522
ZCTA5 15849,540,65901
ZCTA5 15851,2645,62116
ZCTA5 15853,2967,64544
ZCTA5 15856,372,67162
ZCTA5 15857,5997,68370
ZCTA5 15860,511,63745
ZCTA5 15861,76,43826
ZCTA5 15863,91,51319
ZCTA5 15864,621,58119
ZCTA5 15865,591,49028
ZCTA5 15866,81,66732
ZCTA5 15868,620,80818
ZCTA5 15870,544,63122
ZCTA5 15901,2094,26740
ZCTA5 15902,5149,46113
ZCTA5 15904,6782,74439
ZCTA5 15905,8973,73395
ZCTA5 15906,4864,47768
ZCTA5 15909,2022,63842
ZCTA5 15920,310,72594
ZCTA5 15921,46,36774
ZCTA5 15922,118,33581
ZCTA5 15923,652,76276
ZCTA5 15924,414,60220
ZCTA5 15925,63,69708
ZCTA5 15926,1081,67525
ZCTA5 15927,422,52269
ZCTA5 15928,979,83439
ZCTA5 15929,25,23436
ZCTA5 15930,81,35041
ZCTA5 15931,3788,69200
ZCTA5 15934,13,N
ZCTA5 15935,1276,74649
ZCTA5 15936,689,58580
ZCTA5 15937,297,57609
ZCTA5 15938,982,64024
ZCTA5 15940,707,82152
ZCTA5 15942,851,87415
ZCTA5 15943,1640,52136
ZCTA5 15944,1184,76293
ZCTA5 15945,18,41133
ZCTA5 15946,2828,62394
ZCTA5 15948,191,50725
ZCTA5 15949,205,53797
ZCTA5 15951,262,47734
ZCTA5 15952,552,71351
ZCTA5 15953,21,N
ZCTA5 15954,1079,51622
ZCTA5 15955,931,62208
ZCTA5 15956,1239,57058
ZCTA5 15957,218,74600
ZCTA5 15958,809,77180
ZCTA5 15960,124,58526
ZCTA5 15961,326,67819
ZCTA5 15962,93,63012
ZCTA5 15963,4596,65467
ZCTA5 16001,17616,71375
ZCTA5 16002,6398,80962
ZCTA5 16020,402,69747
ZCTA5 16022,155,89659
ZCTA5 16023,1818,67141
ZCTA5 16024,102,77970
ZCTA5 16025,2034,89606
ZCTA5 16027,101,74607
ZCTA5 16028,754,64945
ZCTA5 16029,402,55873
ZCTA5 16030,117,58296
ZCTA5 16033,2908,89615
ZCTA5 16034,777,76201
ZCTA5 16035,33,100258
ZCTA5 16036,137,62236
ZCTA5 16037,1779,99894
ZCTA5 16038,1369,88936
ZCTA5 16040,356,73048
ZCTA5 16041,876,68773
ZCTA5 16045,423,74886
ZCTA5 16046,6354,150653
ZCTA5 16048,42,90967
ZCTA5 16049,1203,63097
ZCTA5 16050,549,65953
ZCTA5 16051,1229,76646
ZCTA5 16052,1023,78343
ZCTA5 16053,1720,95425
ZCTA5 16054,174,57212
ZCTA5 16055,3357,98832
ZCTA5 16056,2006,78464
ZCTA5 16057,4669,69455
ZCTA5 16059,3375,105295
ZCTA5 16061,1160,75262
ZCTA5 16063,3420,86447
ZCTA5 16066,12656,132002
ZCTA5 16101,13832,56342
ZCTA5 16102,2281,56905
ZCTA5 16105,6947,83757
ZCTA5 16110,149,109532
ZCTA5 16111,501,54701
ZCTA5 16112,639,91551
ZCTA5 16113,192,102589
ZCTA5 16114,220,76405
ZCTA5 16115,1375,81156
ZCTA5 16116,1233,67458
ZCTA5 16117,7626,67947
ZCTA5 16120,986,66304
ZCTA5 16121,2197,39490
ZCTA5 16123,965,127650
ZCTA5 16124,711,65864
ZCTA5 16125,7056,63815
ZCTA5 16127,5409,79802
ZCTA5 16130,886,60038
ZCTA5 16131,348,78907
ZCTA5 16132,154,39043
ZCTA5 16133,579,81067
ZCTA5 16134,1680,58003
ZCTA5 16136,354,57389
ZCTA5 16137,4443,70549
ZCTA5 16140,107,60994
ZCTA5 16141,691,68287
ZCTA5 16142,2010,89255
ZCTA5 16143,979,76702
ZCTA5 16145,1330,63443
ZCTA5 16146,6214,43973
ZCTA5 16148,7566,75334
ZCTA5 16150,3118,63991
ZCTA5 16151,31,53606
ZCTA5 16153,992,69435
ZCTA5 16154,974,69731
ZCTA5 16155,49,30639
ZCTA5 16156,1241,69794
ZCTA5 16157,1363,69402
ZCTA5 16159,2305,74221
ZCTA5 16160,496,42721
ZCTA5 16161,307,44871
ZCTA5 16201,6987,72773
ZCTA5 16210,322,69857
ZCTA5 16211,34,46588
ZCTA5 16212,145,42837
ZCTA5 16213,62,49011
ZCTA5 16214,4170,62778
ZCTA5 16217,84,44064
ZCTA5 16218,463,73874
ZCTA5 16222,1016,62444
ZCTA5 16223,80,37228
ZCTA5 16224,446,72107
ZCTA5 16226,3505,61913
ZCTA5 16228,175,53900
ZCTA5 16229,2197,92212
ZCTA5 16230,196,48685
ZCTA5 16232,1689,63532
ZCTA5 16233,548,84324
ZCTA5 16235,526,76301
ZCTA5 16236,112,32271
ZCTA5 16238,190,76139
ZCTA5 16239,590,44514
ZCTA5 16240,639,62040
ZCTA5 16242,1824,61744
ZCTA5 16244,158,60068
ZCTA5 16245,102,45143
ZCTA5 16246,73,58344
ZCTA5 16248,1249,54376
ZCTA5 16249,812,71952
ZCTA5 16250,166,48853
ZCTA5 16253,57,67798
ZCTA5 16254,1436,67136
ZCTA5 16255,682,60742
ZCTA5 16256,510,58374
ZCTA5 16258,773,58442
ZCTA5 16259,871,60820
ZCTA5 16260,150,63541
ZCTA5 16262,1222,75325
ZCTA5 16263,103,62051
ZCTA5 16301,6462,62183
ZCTA5 16311,200,70326
ZCTA5 16312,0,-
ZCTA5 16313,762,59580
ZCTA5 16314,2188,65850
ZCTA5 16316,2292,70529
ZCTA5 16317,549,56260
ZCTA5 16319,527,68774
ZCTA5 16321,26,43046
ZCTA5 16322,47,37253
ZCTA5 16323,6667,66270
ZCTA5 16326,131,118159
ZCTA5 16327,1075,73791
ZCTA5 16328,61,56702
ZCTA5 16329,204,68849
ZCTA5 16331,23,64448
ZCTA5 16332,8,145000
ZCTA5 16333,121,72287
ZCTA5 16334,156,71884
ZCTA5 16335,11767,66479
ZCTA5 16340,734,63292
ZCTA5 16341,763,59913
ZCTA5 16342,867,70478
ZCTA5 16343,295,60468
ZCTA5 16344,174,54324
ZCTA5 16345,1509,103507
ZCTA5 16346,1620,59397
ZCTA5 16347,833,49110
ZCTA5 16350,873,59444
ZCTA5 16351,671,52659
ZCTA5 16352,75,88323
ZCTA5 16353,1450,53946
ZCTA5 16354,4515,57051
ZCTA5 16360,592,63340
ZCTA5 16361,5,N
ZCTA5 16362,391,73970
ZCTA5 16364,475,68868
ZCTA5 16365,8175,66393
ZCTA5 16370,145,46783
ZCTA5 16371,1382,55085
ZCTA5 16372,242,56649
ZCTA5 16373,1302,70583
ZCTA5 16374,816,58199
ZCTA5 16401,1641,63628
ZCTA5 16402,326,73501
ZCTA5 16403,2537,76015
ZCTA5 16404,1256,59428
ZCTA5 16405,308,77116
ZCTA5 16406,1319,63051
ZCTA5 16407,4698,62233
ZCTA5 16410,725,95018
ZCTA5 16411,562,77878
ZCTA5 16412,4347,72507
ZCTA5 16415,3229,112825
ZCTA5 16416,80,54569
ZCTA5 16417,3417,76736
ZCTA5 16420,223,47818
ZCTA5 16421,1022,77001
ZCTA5 16422,134,50125
ZCTA5 16423,1714,70589
ZCTA5 16424,1995,68245
ZCTA5 16426,1458,68556
ZCTA5 16427,63,50270
ZCTA5 16428,4795,80208
ZCTA5 16433,2034,72862
ZCTA5 16434,949,60908
ZCTA5 16435,751,58900
ZCTA5 16436,283,54234
ZCTA5 16438,3176,66110
ZCTA5 16440,378,66878
ZCTA5 16441,3994,84352
ZCTA5 16442,1185,83568
ZCTA5 16443,461,71616
ZCTA5 16444,0,-
ZCTA5 16501,1163,16740
ZCTA5 16502,6974,42062
ZCTA5 16503,5628,37468
ZCTA5 16504,6874,55716
ZCTA5 16505,7615,89374
ZCTA5 16506,9967,93284
ZCTA5 16507,3699,42715
ZCTA5 16508,6913,65692
ZCTA5 16509,11852,75976
ZCTA5 16510,9982,71220
ZCTA5 16511,4604,68590
ZCTA5 16546,0,-
ZCTA5 16563,0,-
ZCTA5 16601,13477,66091
ZCTA5 16602,12156,61239
ZCTA5 16611,1041,69261
ZCTA5 16613,520,79903
ZCTA5 16616,69,40943
ZCTA5 16617,1166,81713
ZCTA5 16619,129,76149
ZCTA5 16620,136,61437
ZCTA5 16621,280,69275
ZCTA5 16622,56,65354
ZCTA5 16623,216,67425
ZCTA5 16624,75,68360
ZCTA5 16625,1616,58231
ZCTA5 16627,880,57741
ZCTA5 16630,1965,63366
ZCTA5 16631,40,69225
ZCTA5 16633,120,58649
ZCTA5 16634,146,53808
ZCTA5 16635,5331,75336
ZCTA5 16636,296,78966
ZCTA5 16637,1124,63054
ZCTA5 16638,14,84600
ZCTA5 16639,617,63907
ZCTA5 16640,299,66356
ZCTA5 16641,1128,57805
ZCTA5 16645,83,54318
ZCTA5 16646,930,63819
ZCTA5 16647,301,68920
ZCTA5 16648,6267,83220
ZCTA5 16650,674,57981
ZCTA5 16651,1368,64884
ZCTA5 16652,5961,68968
ZCTA5 16655,644,69066
ZCTA5 16656,483,53200
ZCTA5 16657,565,63853
ZCTA5 16659,88,47459
ZCTA5 16661,346,54040
ZCTA5 16662,2331,69640
ZCTA5 16664,687,69739
ZCTA5 16665,120,75513
ZCTA5 16666,1469,55396
ZCTA5 16667,553,52712
ZCTA5 16668,1406,62728
ZCTA5 16669,866,63836
ZCTA5 16670,12,52725
ZCTA5 16671,186,61957
ZCTA5 16672,82,55578
ZCTA5 16673,2165,72622
ZCTA5 16674,244,59113
ZCTA5 16677,118,23367
ZCTA5 16678,1077,55552
ZCTA5 16679,285,45586
ZCTA5 16680,138,71176
ZCTA5 16682,16,49056
ZCTA5 16683,124,67181
ZCTA5 16685,94,94306
ZCTA5 16686,5269,64497
ZCTA5 16689,198,58716
ZCTA5 16691,159,60018
ZCTA5 16692,363,59319
ZCTA5 16693,1450,69049
ZCTA5 16694,76,39621
ZCTA5 16695,415,72514
ZCTA5 16699,0,-
ZCTA5 16701,7220,61639
ZCTA5 16720,493,64145
ZCTA5 16724,50,51514
ZCTA5 16725,59,78208
ZCTA5 16726,240,83131
ZCTA5 16727,54,86067
ZCTA5 16728,14,71536
ZCTA5 16729,295,54657
ZCTA5 16730,48,44715
ZCTA5 16731,1101,63117
ZCTA5 16732,108,55729
ZCTA5 16733,57,58419
ZCTA5 16734,118,56179
ZCTA5 16735,2670,60419
ZCTA5 16738,601,68733
ZCTA5 16740,440,57551
ZCTA5 16743,1617,74106
ZCTA5 16744,100,58509
ZCTA5 16745,276,58816
ZCTA5 16746,475,60798
ZCTA5 16748,1086,54681
ZCTA5 16749,1662,61476
ZCTA5 16750,189,72475
ZCTA5 16801,18116,74756
ZCTA5 16802,0,-
ZCTA5 16803,10083,85189
ZCTA5 16820,481,85375
ZCTA5 16821,120,67075
ZCTA5 16822,729,70812
ZCTA5 16823,11699,77578
ZCTA5 16825,155,54634
ZCTA5 16826,187,61523
ZCTA5 16827,1805,123803
ZCTA5 16828,2049,98131
ZCTA5 16829,289,66056
ZCTA5 16830,5782,68369
ZCTA5 16832,136,78920
ZCTA5 16833,2227,58817
ZCTA5 16834,240,78381
ZCTA5 16835,94,79544
ZCTA5 16836,459,59517
ZCTA5 16837,73,35640
ZCTA5 16838,750,59944
ZCTA5 16839,201,64345
ZCTA5 16840,177,80756
ZCTA5 16841,2246,82223
ZCTA5 16843,238,43723
ZCTA5 16844,989,77529
ZCTA5 16845,334,67241
ZCTA5 16847,106,160533
ZCTA5 16848,176,59090
ZCTA5 16849,92,35902
ZCTA5 16851,343,97128
ZCTA5 16852,101,61997
ZCTA5 16853,96,45061
ZCTA5 16854,272,64155
ZCTA5 16855,83,32917
ZCTA5 16858,1490,68613
ZCTA5 16859,199,68837
ZCTA5 16860,243,53006
ZCTA5 16861,160,40986
ZCTA5 16863,205,53700
ZCTA5 16865,716,124230
ZCTA5 16866,3929,62396
ZCTA5 16868,405,89056
ZCTA5 16870,2692,144568
ZCTA5 16871,34,57965
ZCTA5 16872,410,72110
ZCTA5 16874,539,65241
ZCTA5 16875,1524,84556
ZCTA5 16876,105,49684
ZCTA5 16877,847,97146
ZCTA5 16878,665,61453
ZCTA5 16879,198,51599
ZCTA5 16881,1020,55661
ZCTA5 16882,145,69643
ZCTA5 16901,4230,66373
ZCTA5 16911,193,77984
ZCTA5 16912,832,76402
ZCTA5 16914,945,70162
ZCTA5 16915,2377,70644
ZCTA5 16917,483,67623
ZCTA5 16920,768,63478
ZCTA5 16921,248,47442
ZCTA5 16922,812,53460
ZCTA5 16923,600,57553
ZCTA5 16925,1269,69285
ZCTA5 16926,340,77972
ZCTA5 16927,203,57318
ZCTA5 16928,546,67787
ZCTA5 16929,956,72080
ZCTA5 16930,462,71340
ZCTA5 16932,322,61999
ZCTA5 16933,2682,62480
ZCTA5 16935,486,75735
ZCTA5 16936,857,69716
ZCTA5 16937,69,57677
ZCTA5 16938,352,72147
ZCTA5 16939,129,51066
ZCTA5 16940,88,52577
ZCTA5 16941,33,55242
ZCTA5 16942,295,65754
ZCTA5 16943,172,57143
ZCTA5 16946,1003,56605
ZCTA5 16947,1697,64422
ZCTA5 16948,589,59501
ZCTA5 16950,1272,54616
ZCTA5 17002,219,83918
ZCTA5 17003,4472,87921
ZCTA5 17004,1623,67389
ZCTA5 17005,124,65915
ZCTA5 17006,325,72723
ZCTA5 17007,2158,102179
ZCTA5 17009,840,68540
ZCTA5 17010,75,N
ZCTA5 17011,13802,95684
ZCTA5 17013,14599,79232
ZCTA5 17015,8307,109699
ZCTA5 17016,472,71441
ZCTA5 17017,658,77916
ZCTA5 17018,1897,86605
ZCTA5 17019,7429,97211
ZCTA5 17020,3639,90461
ZCTA5 17021,408,60630
ZCTA5 17022,12054,86953
ZCTA5 17023,1318,74551
ZCTA5 17024,720,84371
ZCTA5 17025,7347,86934
ZCTA5 17026,1492,102532
ZCTA5 17027,87,82217
ZCTA5 17028,1585,87396
ZCTA5 17029,29,N
ZCTA5 17030,390,61233
ZCTA5 17032,3228,81493
ZCTA5 17033,6864,104812
ZCTA5 17034,1063,52720
ZCTA5 17035,398,47859
ZCTA5 17036,9200,124105
ZCTA5 17037,310,58431
ZCTA5 17038,3429,72495
ZCTA5 17039,41,N
ZCTA5 17040,931,91333
ZCTA5 17041,93,160606
ZCTA5 17042,14804,77700
ZCTA5 17043,2752,85178
ZCTA5 17044,9178,61760
ZCTA5 17045,1410,84780
ZCTA5 17046,11901,62324
ZCTA5 17047,893,75910
ZCTA5 17048,1555,65523
ZCTA5 17049,1101,88021
ZCTA5 17050,15464,119728
ZCTA5 17051,2016,61484
ZCTA5 17052,584,70216
ZCTA5 17053,2254,87293
ZCTA5 17055,16147,96521
ZCTA5 17056,41,81480
ZCTA5 17057,9845,79867
ZCTA5 17058,568,61527
ZCTA5 17059,3226,65222
ZCTA5 17060,378,61158
ZCTA5 17061,2965,66072
ZCTA5 17062,1595,87888
ZCTA5 17063,1328,67468
ZCTA5 17064,244,118566
ZCTA5 17065,1517,73912
ZCTA5 17066,2267,55408
ZCTA5 17067,5750,78177
ZCTA5 17068,1644,82844
ZCTA5 17069,55,52440
ZCTA5 17070,7394,87184
ZCTA5 17071,46,74222
ZCTA5 17072,139,33786
ZCTA5 17073,1995,94441
ZCTA5 17074,2966,75908
ZCTA5 17075,68,77991
ZCTA5 17076,25,N
ZCTA5 17077,0,-
ZCTA5 17078,8635,82988
ZCTA5 17080,111,75656
ZCTA5 17081,191,40609
ZCTA5 17082,1166,73214
ZCTA5 17083,39,122700
ZCTA5 17084,1734,74242
ZCTA5 17086,767,79828
ZCTA5 17087,980,82896
ZCTA5 17088,303,83641
ZCTA5 17090,2672,76165
ZCTA5 17093,514,67372
ZCTA5 17094,1022,59672
ZCTA5 17097,269,60200
ZCTA5 17098,982,58578
ZCTA5 17099,553,59626
ZCTA5 17101,1725,45676
ZCTA5 17102,4351,63835
ZCTA5 17103,4634,47479
ZCTA5 17104,7512,50618
ZCTA5 17109,10499,68644
ZCTA5 17110,10560,89902
ZCTA5 17111,12874,91174
ZCTA5 17112,14817,106282
ZCTA5 17113,3741,64793
ZCTA5 17120,0,-
ZCTA5 17201,11719,63829
ZCTA5 17202,11519,97331
ZCTA5 17210,60,59593
ZCTA5 17211,173,54764
ZCTA5 17212,243,87076
ZCTA5 17213,242,68229
ZCTA5 17214,424,74921
ZCTA5 17215,88,82265
ZCTA5 17217,64,54870
ZCTA5 17219,271,47345
ZCTA5 17220,221,46580
ZCTA5 17221,256,78396
ZCTA5 17222,4635,73611
ZCTA5 17223,133,44941
ZCTA5 17224,983,83221
ZCTA5 17225,7596,99536
ZCTA5 17228,411,71602
ZCTA5 17229,569,68411
ZCTA5 17233,2303,58350
ZCTA5 17235,335,67840
ZCTA5 17236,3101,79414
ZCTA5 17237,747,70580
ZCTA5 17238,632,68345
ZCTA5 17239,63,75965
ZCTA5 17240,1442,78396
ZCTA5 17241,4629,74941
ZCTA5 17243,512,72565
ZCTA5 17244,840,72155
ZCTA5 17246,155,60134
ZCTA5 17247,195,96836
ZCTA5 17249,132,67554
ZCTA5 17250,33,N
ZCTA5 17251,32,67459
ZCTA5 17252,1330,70326
ZCTA5 17253,150,61770
ZCTA5 17254,36,N
ZCTA5 17255,469,65176
ZCTA5 17256,56,N
ZCTA5 17257,11708,68971
ZCTA5 17260,442,52006
ZCTA5 17261,0,-
ZCTA5 17262,543,63453
ZCTA5 17263,233,89070
ZCTA5 17264,946,62571
ZCTA5 17265,269,78749
ZCTA5 17266,185,68948
ZCTA5 17267,1123,82099
ZCTA5 17268,11652,71479
ZCTA5 17270,28,N
ZCTA5 17271,101,76565
ZCTA5 17272,163,39393
ZCTA5 17301,1571,84918
ZCTA5 17302,1062,77080
ZCTA5 17304,1128,80747
ZCTA5 17306,97,84042
ZCTA5 17307,2409,77509
ZCTA5 17309,901,71266
ZCTA5 17311,104,55381
ZCTA5 17313,4624,72264
ZCTA5 17314,2124,85762
ZCTA5 17315,10799,82687
ZCTA5 17316,3153,95814
ZCTA5 17317,205,77516
ZCTA5 17318,126,61516
ZCTA5 17319,4448,86436
ZCTA5 17320,3086,87101
ZCTA5 17321,883,100136
ZCTA5 17322,2340,105389
ZCTA5 17324,1598,77891
ZCTA5 17325,10853,86997
ZCTA5 17327,3185,89994
ZCTA5 17329,887,103738
ZCTA5 17331,21175,79637
ZCTA5 17339,2934,102225
ZCTA5 17340,4334,83808
ZCTA5 17343,38,76100
ZCTA5 17344,1487,61115
ZCTA5 17345,3342,73182
ZCTA5 17347,2546,88455
ZCTA5 17349,2670,108792
ZCTA5 17350,5031,74103
ZCTA5 17352,578,84793
ZCTA5 17353,1278,80675
ZCTA5 17355,152,82130
ZCTA5 17356,8650,87178
ZCTA5 17360,2585,99862
ZCTA5 17361,2594,98118
ZCTA5 17362,5034,90410
ZCTA5 17363,3333,102931
ZCTA5 17364,1434,72823
ZCTA5 17365,949,84448
ZCTA5 17366,2259,78185
ZCTA5 17368,2467,83468
ZCTA5 17370,2202,81109
ZCTA5 17371,100,74348
ZCTA5 17372,1498,74434
ZCTA5 17401,6669,46597
ZCTA5 17402,13767,89975
ZCTA5 17403,14768,79083
ZCTA5 17404,14447,78898
ZCTA5 17406,8962,86445
ZCTA5 17407,988,107463
ZCTA5 17408,9584,84739
ZCTA5 17501,1861,79641
ZCTA5 17502,1042,95555
ZCTA5 17505,401,101412
ZCTA5 17507,63,N
ZCTA5 17508,106,56208
ZCTA5 17509,1398,100958
ZCTA5 17512,7347,68850
ZCTA5 17516,2017,89899
ZCTA5 17517,5474,86544
ZCTA5 17518,485,92999
ZCTA5 17519,2352,113270
ZCTA5 17520,1904,86051
ZCTA5 17522,13413,78472
ZCTA5 17527,1764,93669
ZCTA5 17529,1357,83296
ZCTA5 17532,1197,78847
ZCTA5 17535,720,109768
ZCTA5 17536,1065,78442
ZCTA5 17538,2921,87515
ZCTA5 17540,3505,80422
ZCTA5 17543,17510,110475
ZCTA5 17545,8634,86578
ZCTA5 17547,3037,83508
ZCTA5 17550,246,61624
ZCTA5 17551,4200,72308
ZCTA5 17552,8582,91584
ZCTA5 17554,2874,74880
ZCTA5 17555,2264,119852
ZCTA5 17557,5350,78012
ZCTA5 17560,1939,81391
ZCTA5 17562,1434,107416
ZCTA5 17563,1148,96757
ZCTA5 17565,789,118556
ZCTA5 17566,4103,81409
ZCTA5 17569,2135,98228
ZCTA5 17570,57,52226
ZCTA5 17572,1288,88481
ZCTA5 17576,2,N
ZCTA5 17578,2630,90928
ZCTA5 17579,2116,90902
ZCTA5 17581,302,69313
ZCTA5 17582,797,89477
ZCTA5 17584,4032,99600
ZCTA5 17601,21439,108120
ZCTA5 17602,18712,78933
ZCTA5 17603,25687,78106
ZCTA5 17606,259,35376
ZCTA5 17701,17885,62277
ZCTA5 17702,4420,70753
ZCTA5 17721,662,54250
ZCTA5 17723,24,55579
ZCTA5 17724,1905,56495
ZCTA5 17727,49,65159
ZCTA5 17728,2015,74834
ZCTA5 17729,35,43794
ZCTA5 17730,98,26942
ZCTA5 17731,95,123652
ZCTA5 17737,2791,69743
ZCTA5 17739,17,157000
ZCTA5 17740,4856,71436
ZCTA5 17742,19,53247
ZCTA5 17744,1194,63522
ZCTA5 17745,7249,62661
ZCTA5 17747,1088,78035
ZCTA5 17748,84,46140
ZCTA5 17749,114,63546
ZCTA5 17750,86,77385
ZCTA5 17751,2744,70469
ZCTA5 17752,1690,64904
ZCTA5 17754,4971,84724
ZCTA5 17756,4279,74098
ZCTA5 17758,397,71207
ZCTA5 17760,232,74157
ZCTA5 17762,238,95264
ZCTA5 17763,128,47776
ZCTA5 17764,1102,43936
ZCTA5 17765,428,67673
ZCTA5 17767,23,33413
ZCTA5 17768,164,75586
ZCTA5 17771,1289,79889
ZCTA5 17772,1043,85820
ZCTA5 17774,572,79946
ZCTA5 17776,119,59971
ZCTA5 17777,2884,71107
ZCTA5 17778,62,46340
ZCTA5 17779,88,86100
ZCTA5 17801,6878,62198
ZCTA5 17810,652,67315
ZCTA5 17812,613,64951
ZCTA5 17813,753,60512
ZCTA5 17814,1830,71059
ZCTA5 17815,11612,70273
ZCTA5 17820,2221,77176
ZCTA5 17821,7638,85642
ZCTA5 17822,0,-
ZCTA5 17823,490,72766
ZCTA5 17824,1641,85048
ZCTA5 17827,315,64745
ZCTA5 17829,96,77540
ZCTA5 17830,821,76756
ZCTA5 17832,310,48421
ZCTA5 17834,1510,61678
ZCTA5 17835,96,79245
ZCTA5 17836,79,68952
ZCTA5 17837,6758,90664
ZCTA5 17840,239,61596
ZCTA5 17841,1722,62825
ZCTA5 17842,3382,73456
ZCTA5 17844,3806,75465
ZCTA5 17845,639,65721
ZCTA5 17846,1543,64374
ZCTA5 17847,4892,65752
ZCTA5 17850,298,59849
ZCTA5 17851,3638,48149
ZCTA5 17853,1171,69170
ZCTA5 17855,340,71957
ZCTA5 17856,1385,84079
ZCTA5 17857,3149,72956
ZCTA5 17859,1130,74687
ZCTA5 17860,916,84579
ZCTA5 17861,79,86249
ZCTA5 17862,130,52586
ZCTA5 17864,695,79571
ZCTA5 17865,22,46491
ZCTA5 17866,3587,51611
ZCTA5 17867,66,48170
ZCTA5 17868,545,73169
ZCTA5 17870,5595,81566
ZCTA5 17872,4281,53528
ZCTA5 17876,725,69882
ZCTA5 17878,562,81062
ZCTA5 17880,42,56614
ZCTA5 17881,596,59740
ZCTA5 17884,84,42655
ZCTA5 17885,96,70022
ZCTA5 17886,470,58243
ZCTA5 17887,256,47921
ZCTA5 17888,173,68406
ZCTA5 17889,893,92245
ZCTA5 17901,9912,60819
ZCTA5 17920,145,50781
ZCTA5 17921,2667,62494
ZCTA5 17922,1948,97576
ZCTA5 17923,152,52692
ZCTA5 17925,121,71373
ZCTA5 17929,575,60309
ZCTA5 17930,167,49320
ZCTA5 17931,2010,75001
ZCTA5 17933,46,N
ZCTA5 17934,132,42267
ZCTA5 17935,700,50830
ZCTA5 17936,378,67233
ZCTA5 17938,1056,78613
ZCTA5 17941,288,69159
ZCTA5 17943,64,54778
ZCTA5 17944,67,78507
ZCTA5 17945,71,56492
ZCTA5 17946,47,70755
ZCTA5 17948,1845,49481
ZCTA5 17949,100,70948
ZCTA5 17951,171,100040
ZCTA5 17952,102,109978
ZCTA5 17953,171,59784
ZCTA5 17954,2109,44131
ZCTA5 17957,122,138998
ZCTA5 17959,587,65479
ZCTA5 17960,1795,72567
ZCTA5 17961,2544,92090
ZCTA5 17963,3765,76427
ZCTA5 17964,288,62002
ZCTA5 17965,869,57475
ZCTA5 17967,940,77314
ZCTA5 17968,77,89143
ZCTA5 17970,1421,59127
ZCTA5 17972,4874,64444
ZCTA5 17974,123,53520
ZCTA5 17976,2747,55035
ZCTA5 17978,136,49571
ZCTA5 17979,66,54450
ZCTA5 17980,1214,69735
ZCTA5 17981,1066,66220
ZCTA5 17982,232,59484
ZCTA5 17983,593,63377
ZCTA5 17985,517,74307
ZCTA5 18011,1983,104810
ZCTA5 18013,7113,85604
ZCTA5 18014,4326,85188
ZCTA5 18015,11003,83413
ZCTA5 18016,0,-
ZCTA5 18017,15788,94880
ZCTA5 18018,13297,86337
ZCTA5 18020,7811,118268
ZCTA5 18030,313,66036
ZCTA5 18031,4244,111765
ZCTA5 18032,3913,77679
ZCTA5 18034,3159,164883
ZCTA5 18035,7,N
ZCTA5 18036,5673,136917
ZCTA5 18037,3185,83023
ZCTA5 18038,1391,89918
ZCTA5 18040,6449,121089
ZCTA5 18041,2088,91174
ZCTA5 18042,15200,78858
ZCTA5 18045,10153,113019
ZCTA5 18046,53,N
ZCTA5 18049,7056,98301
ZCTA5 18051,1318,136677
ZCTA5 18052,11505,77452
ZCTA5 18053,851,81271
ZCTA5 18054,1697,113893
ZCTA5 18055,4620,107945
ZCTA5 18056,390,81328
ZCTA5 18058,3454,76370
ZCTA5 18059,381,123902
ZCTA5 18062,10426,111307
ZCTA5 18063,196,48117
ZCTA5 18064,9698,99937
ZCTA5 18066,2321,113664
ZCTA5 18067,7321,89267
ZCTA5 18068,0,-
ZCTA5 18069,3168,131903
ZCTA5 18070,242,72924
ZCTA5 18071,4368,80919
ZCTA5 18072,2522,79382
ZCTA5 18073,4123,108090
ZCTA5 18074,2298,132779
ZCTA5 18076,1187,81498
ZCTA5 18077,935,156793
ZCTA5 18078,3076,131412
ZCTA5 18079,169,64756
ZCTA5 18080,4662,77078
ZCTA5 18081,91,54716
ZCTA5 18083,136,72132
ZCTA5 18085,439,88629
ZCTA5 18086,329,69827
ZCTA5 18087,270,69309
ZCTA5 18088,3196,81578
ZCTA5 18091,2518,82839
ZCTA5 18092,1359,117842
ZCTA5 18101,1788,47879
ZCTA5 18102,16594,45126
ZCTA5 18103,18309,83292
ZCTA5 18104,16419,98975
ZCTA5 18105,0,-
ZCTA5 18106,2894,102277
ZCTA5 18109,6609,54966
ZCTA5 18195,0,-
ZCTA5 18201,10607,51577
ZCTA5 18202,4592,62350
ZCTA5 18210,2947,76967
ZCTA5 18211,471,72106
ZCTA5 18212,49,53741
ZCTA5 18214,787,67199
ZCTA5 18216,459,71501
ZCTA5 18218,910,58334
ZCTA5 18219,597,89561
ZCTA5 18220,112,53570
ZCTA5 18221,277,84786
ZCTA5 18222,3658,92753
ZCTA5 18223,76,N
ZCTA5 18224,2594,52724
ZCTA5 18225,0,-
ZCTA5 18229,3793,73279
ZCTA5 18230,44,64059
ZCTA5 18231,195,53206
ZCTA5 18232,1572,50889
ZCTA5 18234,302,47616
ZCTA5 18235,7794,76935
ZCTA5 18237,1458,52680
ZCTA5 18239,103,N
ZCTA5 18240,1557,61227
ZCTA5 18241,341,67032
ZCTA5 18242,207,96806
ZCTA5 18244,111,53352
ZCTA5 18245,152,32666
ZCTA5 18246,110,61166
ZCTA5 18248,223,66689
ZCTA5 18249,1447,93228
ZCTA5 18250,1237,70769
ZCTA5 18251,13,N
ZCTA5 18252,4807,65748
ZCTA5 18254,402,54273
ZCTA5 18255,1713,66020
ZCTA5 18256,144,65636
ZCTA5 18301,9995,95242
ZCTA5 18302,5871,87642
ZCTA5 18321,569,70269
ZCTA5 18322,1041,81138
ZCTA5 18323,46,N
ZCTA5 18324,3719,65547
ZCTA5 18325,991,118132
ZCTA5 18326,1247,65212
ZCTA5 18327,294,77520
ZCTA5 18328,2982,85682
ZCTA5 18330,2942,83206
ZCTA5 18331,217,63475
ZCTA5 18332,1070,89916
ZCTA5 18333,215,50849
ZCTA5 18334,1604,90307
ZCTA5 18335,262,110952
ZCTA5 18336,1712,98194
ZCTA5 18337,5459,98084
ZCTA5 18340,53,144030
ZCTA5 18342,234,45797
ZCTA5 18343,1570,92870
ZCTA5 18344,1334,87766
ZCTA5 18346,936,75935
ZCTA5 18347,1554,75504
ZCTA5 18349,123,143379
ZCTA5 18350,468,77085
ZCTA5 18351,201,57774
ZCTA5 18352,409,72370
ZCTA5 18353,4892,99800
ZCTA5 18354,452,67112
ZCTA5 18355,438,70437
ZCTA5 18356,28,N
ZCTA5 18357,54,N
ZCTA5 18360,10263,83974
ZCTA5 18370,617,86073
ZCTA5 18371,263,98038
ZCTA5 18372,1029,110166
ZCTA5 18403,2786,72016
ZCTA5 18405,1007,73442
ZCTA5 18407,6034,66493
ZCTA5 18411,8397,110177
ZCTA5 18413,104,115366
ZCTA5 18414,2259,95167
ZCTA5 18415,752,104367
ZCTA5 18417,375,73280
ZCTA5 18419,1666,73411
ZCTA5 18420,13,N
ZCTA5 18421,1851,73575
ZCTA5 18424,2036,77886
ZCTA5 18425,455,85213
ZCTA5 18426,1692,74315
ZCTA5 18427,27,N
ZCTA5 18428,4992,76036
ZCTA5 18430,0,-
ZCTA5 18431,4976,65163
ZCTA5 18433,2782,82373
ZCTA5 18434,1579,63276
ZCTA5 18435,361,147273
ZCTA5 18436,4827,83235
ZCTA5 18437,90,55049
ZCTA5 18438,574,53162
ZCTA5 18439,190,80015
ZCTA5 18441,154,145422
ZCTA5 18443,127,96246
ZCTA5 18444,5398,88962
ZCTA5 18445,926,69334
ZCTA5 18446,1329,70856
ZCTA5 18447,4435,63595
ZCTA5 18451,321,92958
ZCTA5 18452,2482,57228
ZCTA5 18453,425,70474
ZCTA5 18454,26,66158
ZCTA5 18455,57,51772
ZCTA5 18456,198,71017
ZCTA5 18457,44,19823
ZCTA5 18458,1227,89337
ZCTA5 18459,16,N
ZCTA5 18460,73,45666
ZCTA5 18461,146,65841
ZCTA5 18462,163,91517
ZCTA5 18463,87,89601
ZCTA5 18464,530,86891
ZCTA5 18465,497,68998
ZCTA5 18466,5796,76470
ZCTA5 18469,124,63620
ZCTA5 18470,846,76669
ZCTA5 18471,243,157127
ZCTA5 18472,1495,67598
ZCTA5 18473,197,38006
ZCTA5 18503,581,35153
ZCTA5 18504,8806,63467
ZCTA5 18505,8918,61116
ZCTA5 18507,2077,80138
ZCTA5 18508,5299,45820
ZCTA5 18509,5178,68831
ZCTA5 18510,5048,55664
ZCTA5 18512,5215,69116
ZCTA5 18517,2121,75214
ZCTA5 18518,3636,70542
ZCTA5 18519,2149,69242
ZCTA5 18602,123,173464
ZCTA5 18603,8527,63327
ZCTA5 18610,1551,69056
ZCTA5 18612,6340,100839
ZCTA5 18614,1032,56701
ZCTA5 18615,780,83481
ZCTA5 18616,323,65196
ZCTA5 18617,820,49245
ZCTA5 18618,1516,99123
ZCTA5 18619,107,62731
ZCTA5 18621,1951,86322
ZCTA5 18622,79,78292
ZCTA5 18623,1058,71395
ZCTA5 18624,262,115665
ZCTA5 18625,211,60169
ZCTA5 18626,195,77389
ZCTA5 18628,102,44574
ZCTA5 18629,778,73787
ZCTA5 18630,1208,79518
ZCTA5 18631,466,57367
ZCTA5 18632,265,64738
ZCTA5 18634,5478,62379
ZCTA5 18635,1509,73338
ZCTA5 18636,581,68266
ZCTA5 18640,7350,62603
ZCTA5 18641,3034,72583
ZCTA5 18642,1813,72823
ZCTA5 18643,5657,72973
ZCTA5 18644,3590,75326
ZCTA5 18651,4000,59808
ZCTA5 18653,68,90291
ZCTA5 18655,2350,69397
ZCTA5 18656,1008,69931
ZCTA5 18657,4698,86848
ZCTA5 18660,1460,79585
ZCTA5 18661,2129,69281
ZCTA5 18701,950,38638
ZCTA5 18702,16082,59141
ZCTA5 18704,13214,67950
ZCTA5 18705,6102,65645
ZCTA5 18706,6842,62158
ZCTA5 18707,5824,108634
ZCTA5 18708,3499,111108
ZCTA5 18709,1474,50376
ZCTA5 18801,3477,78764
ZCTA5 18810,2701,64387
ZCTA5 18812,687,90714
ZCTA5 18814,77,52195
ZCTA5 18816,48,65029
ZCTA5 18817,98,72886
ZCTA5 18818,566,65203
ZCTA5 18821,513,61571
ZCTA5 18822,1404,63259
ZCTA5 18823,89,57985
ZCTA5 18824,618,80625
ZCTA5 18825,31,85032
ZCTA5 18826,549,96929
ZCTA5 18828,153,65961
ZCTA5 18829,296,73229
ZCTA5 18830,267,74435
ZCTA5 18831,430,61995
ZCTA5 18832,805,60520
ZCTA5 18833,832,68799
ZCTA5 18834,1351,83224
ZCTA5 18837,1135,66248
ZCTA5 18840,4477,71270
ZCTA5 18842,88,62739
ZCTA5 18843,97,47454
ZCTA5 18844,749,98174
ZCTA5 18845,158,83365
ZCTA5 18846,377,93166
ZCTA5 18847,2387,65900
ZCTA5 18848,3742,61725
ZCTA5 18850,860,71417
ZCTA5 18851,271,69319
ZCTA5 18853,1736,77622
ZCTA5 18854,674,77388
ZCTA5 18901,10486,133441
ZCTA5 18902,7686,185218
ZCTA5 18912,5,N
ZCTA5 18913,16,N
ZCTA5 18914,8207,126726
ZCTA5 18915,256,104424
ZCTA5 18917,960,87102
ZCTA5 18920,127,91638
ZCTA5 18923,405,190710
ZCTA5 18925,2412,185003
ZCTA5 18929,3408,178478
ZCTA5 18930,990,111940
ZCTA5 18932,135,113964
ZCTA5 18935,20,N
ZCTA5 18936,0,-
ZCTA5 18938,6044,191503
ZCTA5 18940,11515,176878
ZCTA5 18942,1163,110295
ZCTA5 18944,9601,120658
ZCTA5 18947,2469,139784
ZCTA5 18950,75,208867
ZCTA5 18951,13398,97905
ZCTA5 18954,4360,172961
ZCTA5 18955,523,76505
ZCTA5 18960,4649,99026
ZCTA5 18962,149,88598
ZCTA5 18964,5283,101927
ZCTA5 18966,13591,123059
ZCTA5 18969,6061,100641
ZCTA5 18970,302,101833
ZCTA5 18972,1425,107641
ZCTA5 18974,17299,95252
ZCTA5 18976,7354,139685
ZCTA5 18977,1745,233722
ZCTA5 18980,199,160375
ZCTA5 19001,6132,99983
ZCTA5 19002,11620,161793
ZCTA5 19003,5665,135760
ZCTA5 19004,3869,174755
ZCTA5 19006,7988,132737
ZCTA5 19007,8719,78455
ZCTA5 19008,6901,135552
ZCTA5 19009,256,130283
ZCTA5 19010,7378,191504
ZCTA5 19012,2266,118747
ZCTA5 19013,12664,47320
ZCTA5 19014,7688,109389
ZCTA5 19015,6625,81433
ZCTA5 19017,60,129853
ZCTA5 19018,9575,79445
ZCTA5 19020,21379,94744
ZCTA5 19021,3797,68789
ZCTA5 19022,1493,48335
ZCTA5 19023,7805,54909
ZCTA5 19025,2344,256508
ZCTA5 19026,11854,98812
ZCTA5 19027,8041,114753
ZCTA5 19029,1567,68821
ZCTA5 19030,4546,98506
ZCTA5 19031,1648,167372
ZCTA5 19032,2289,63132
ZCTA5 19033,3007,97819
ZCTA5 19034,2161,171268
ZCTA5 19035,1443,409434
ZCTA5 19036,4958,82613
ZCTA5 19038,11337,119805
ZCTA5 19040,7763,106953
ZCTA5 19041,2426,227205
ZCTA5 19043,1039,89756
ZCTA5 19044,6480,104385
ZCTA5 19046,7312,142602
ZCTA5 19047,12297,120155
ZCTA5 19050,11225,71259
ZCTA5 19053,9936,101979
ZCTA5 19054,6279,105309
ZCTA5 19055,4863,78855
ZCTA5 19056,5808,107238
ZCTA5 19057,5979,86973
ZCTA5 19060,3660,155911
ZCTA5 19061,8073,88303
ZCTA5 19063,14697,134722
ZCTA5 19064,8675,133939
ZCTA5 19066,1661,279723
ZCTA5 19067,20311,146014
ZCTA5 19070,2793,96290
ZCTA5 19072,4121,209007
ZCTA5 19073,7920,168382
ZCTA5 19074,2265,82178
ZCTA5 19075,2843,115839
ZCTA5 19076,2718,86413
ZCTA5 19078,4528,95485
ZCTA5 19079,3452,63891
ZCTA5 19081,3599,141203
ZCTA5 19082,15251,62906
ZCTA5 19083,13002,126369
ZCTA5 19085,1852,368485
ZCTA5 19086,4369,152544
ZCTA5 19087,11749,196760
ZCTA5 19090,7006,98255
ZCTA5 19094,1696,84167
ZCTA5 19095,3123,127326
ZCTA5 19096,5549,215252
ZCTA5 19102,3365,177851
ZCTA5 19103,15765,134268
ZCTA5 19104,16508,46430
ZCTA5 19106,7625,162885
ZCTA5 19107,7823,91522
ZCTA5 19109,0,-
ZCTA5 19111,24355,69823
ZCTA5 19112,0,-
ZCTA5 19113,45,70231
ZCTA5 19114,13032,80138
ZCTA5 19115,14391,82939
ZCTA5 19116,12850,74943
ZCTA5 19118,4651,148898
ZCTA5 19119,11846,111458
ZCTA5 19120,24531,53609
ZCTA5 19121,12162,45509
ZCTA5 19122,6799,72780
ZCTA5 19123,8565,106137
ZCTA5 19124,22837,56264
ZCTA5 19125,10948,89666
ZCTA5 19126,5854,65851
ZCTA5 19127,2678,104604
ZCTA5 19128,16980,95665
ZCTA5 19129,4901,97886
ZCTA5 19130,14431,121662
ZCTA5 19131,17503,53014
ZCTA5 19132,13712,35854
ZCTA5 19133,9012,38922
ZCTA5 19134,21273,47673
ZCTA5 19135,12940,63165
ZCTA5 19136,12417,68317
ZCTA5 19137,3105,68661
ZCTA5 19138,11975,51524
ZCTA5 19139,18184,41195
ZCTA5 19140,19693,36525
ZCTA5 19141,13077,49039
ZCTA5 19142,9869,43501
ZCTA5 19143,24632,56396
ZCTA5 19144,18574,54552
ZCTA5 19145,17977,70563
ZCTA5 19146,17302,108126
ZCTA5 19147,18239,128426
ZCTA5 19148,19493,75581
ZCTA5 19149,18513,59480
ZCTA5 19150,9662,61289
ZCTA5 19151,12019,63686
ZCTA5 19152,13275,70746
ZCTA5 19153,5382,58996
ZCTA5 19154,12461,90650
ZCTA5 19301,2579,144165
ZCTA5 19310,948,94289
ZCTA5 19311,3115,155499
ZCTA5 19312,4174,220631
ZCTA5 19316,118,90511
ZCTA5 19317,3659,197674
ZCTA5 19319,51,269427
ZCTA5 19320,20237,94840
ZCTA5 19330,2052,121014
ZCTA5 19333,2787,184554
ZCTA5 19335,17913,148108
ZCTA5 19341,7825,135072
ZCTA5 19342,8064,147032
ZCTA5 19343,2635,156413
ZCTA5 19344,4433,87273
ZCTA5 19345,0,-
ZCTA5 19348,8940,143491
ZCTA5 19350,4136,178426
ZCTA5 19352,3191,146293
ZCTA5 19355,10090,187043
ZCTA5 19358,197,51203
ZCTA5 19362,2101,85902
ZCTA5 19363,5610,97852
ZCTA5 19365,2665,95857
ZCTA5 19367,24,N
ZCTA5 19372,698,170163
ZCTA5 19373,850,214833
ZCTA5 19374,377,66309
ZCTA5 19375,61,N
ZCTA5 19380,20999,136205
ZCTA5 19382,20429,143574
ZCTA5 19383,0,-
ZCTA5 19390,4860,117771
ZCTA5 19401,16282,75523
ZCTA5 19403,18879,107812
ZCTA5 19405,2034,81058
ZCTA5 19406,11438,114751
ZCTA5 19422,7366,176158
ZCTA5 19425,5402,220795
ZCTA5 19426,12839,161942
ZCTA5 19428,8479,122717
ZCTA5 19435,13,N
ZCTA5 19436,429,153100
ZCTA5 19437,407,308402
ZCTA5 19438,9456,138090
ZCTA5 19440,7224,105913
ZCTA5 19442,0,-
ZCTA5 19444,4466,154146
ZCTA5 19446,22647,118037
ZCTA5 19453,801,103429
ZCTA5 19454,10981,126560
ZCTA5 19456,276,94811
ZCTA5 19457,52,63333
ZCTA5 19460,16443,139548
ZCTA5 19462,6055,118282
ZCTA5 19464,18589,80703
ZCTA5 19465,6833,121033
ZCTA5 19468,10002,104015
ZCTA5 19472,5,N
ZCTA5 19473,6556,137029
ZCTA5 19474,197,101336
ZCTA5 19475,4472,113498
ZCTA5 19477,0,-
ZCTA5 19492,340,41913
ZCTA5 19501,411,79988
ZCTA5 19503,567,72353
ZCTA5 19504,1790,104053
ZCTA5 19505,1521,86020
ZCTA5 19506,2674,95612
ZCTA5 19507,1029,84983
ZCTA5 19508,6257,85636
ZCTA5 19510,3376,112856
ZCTA5 19511,50,77710
ZCTA5 19512,6899,91354
ZCTA5 19518,5504,107042
ZCTA5 19519,69,N
ZCTA5 19520,2375,101945
ZCTA5 19522,5392,92823
ZCTA5 19523,62,N
ZCTA5 19525,5692,129278
ZCTA5 19526,4793,80956
ZCTA5 19529,1212,97879
ZCTA5 19530,5012,87632
ZCTA5 19533,2565,98494
ZCTA5 19534,643,78630
ZCTA5 19535,6,N
ZCTA5 19536,261,61138
ZCTA5 19538,16,N
ZCTA5 19539,1887,78449
ZCTA5 19540,4369,112393
ZCTA5 19541,1727,91301
ZCTA5 19542,45,68731
ZCTA5 19543,1920,110229
ZCTA5 19544,62,69963
ZCTA5 19545,341,72399
ZCTA5 19547,1910,98193
ZCTA5 19549,139,60334
ZCTA5 19550,152,74775
ZCTA5 19551,1671,92253
ZCTA5 19554,171,84251
ZCTA5 19555,1371,84130
ZCTA5 19559,106,93688
ZCTA5 19560,3406,69469
ZCTA5 19562,1111,74216
ZCTA5 19564,48,95185
ZCTA5 19565,3777,91433
ZCTA5 19567,1991,81082
ZCTA5 19601,11780,46360
ZCTA5 19602,6120,41478
ZCTA5 19604,8835,52727
ZCTA5 19605,7158,87494
ZCTA5 19606,13604,88686
ZCTA5 19607,9190,86165
ZCTA5 19608,8611,115862
ZCTA5 19609,3928,93282
ZCTA5 19610,6555,119779
ZCTA5 19611,3960,72810